config_folder,game_id,crew_size,imposter_count,winner_reason,num_ejections,num_concealment_total,num_falsification_total,num_equivocation_total,num_missing_total
SEVEN_V_ONE_LOG,Game 1,8,1,0,2,0.0,0.0,7.0,0.0
SEVEN_V_ONE_LOG,Game 2,8,1,0,2,0.0,0.0,5.0,2.0
SEVEN_V_ONE_LOG,Game 3,8,1,0,0,0.0,1.0,5.0,1.0
SEVEN_V_ONE_LOG,Game 4,8,1,0,0,0.0,0.0,7.0,0.0
SEVEN_V_ONE_LOG,Game 5,8,1,0,1,0.0,0.0,9.0,0.0
SEVEN_V_ONE_LOG,Game 6,8,1,1,1,0.0,0.0,3.0,0.0
SEVEN_V_ONE_LOG,Game 7,8,1,1,2,0.0,0.0,5.0,1.0
SEVEN_V_ONE_LOG,Game 8,8,1,0,2,0.0,0.0,7.0,1.0
SEVEN_V_ONE_LOG,Game 9,8,1,0,5,0.0,1.0,7.0,2.0
SEVEN_V_ONE_LOG,Game 10,8,1,1,1,0.0,0.0,3.0,0.0
SEVEN_V_ONE_LOG,Game 11,8,1,1,1,0.0,1.0,2.0,0.0
SEVEN_V_ONE_LOG,Game 12,8,1,1,3,0.0,0.0,9.0,0.0
SEVEN_V_ONE_LOG,Game 13,8,1,0,4,0.0,0.0,6.0,2.0
SEVEN_V_ONE_LOG,Game 14,8,1,0,3,0.0,0.0,8.0,1.0
SEVEN_V_ONE_LOG,Game 15,8,1,1,3,0.0,1.0,5.0,1.0
SEVEN_V_ONE_LOG,Game 16,8,1,0,3,0.0,0.0,6.0,1.0
SEVEN_V_ONE_LOG,Game 17,8,1,0,4,0.0,0.0,9.0,0.0
SEVEN_V_ONE_LOG,Game 18,8,1,0,0,0.0,1.0,6.0,0.0
SEVEN_V_ONE_LOG,Game 19,8,1,0,4,0.0,0.0,8.0,1.0
SEVEN_V_ONE_LOG,Game 20,8,1,0,4,0.0,0.0,6.0,2.0
SEVEN_V_ONE_LOG,Game 21,8,1,0,2,0.0,0.0,6.0,1.0
SEVEN_V_ONE_LOG,Game 22,8,1,0,2,0.0,0.0,8.0,1.0
SEVEN_V_ONE_LOG,Game 23,8,1,1,2,0.0,0.0,5.0,0.0
SEVEN_V_ONE_LOG,Game 24,8,1,1,2,0.0,0.0,7.0,0.0
SEVEN_V_ONE_LOG,Game 25,8,1,1,6,0.0,0.0,13.0,1.0
SEVEN_V_ONE_LOG,Game 26,8,1,1,1,0.0,0.0,2.0,1.0
SEVEN_V_ONE_LOG,Game 27,8,1,1,1,0.0,0.0,3.0,0.0
SEVEN_V_ONE_LOG,Game 28,8,1,1,2,0.0,2.0,3.0,0.0
SEVEN_V_ONE_LOG,Game 29,8,1,0,1,0.0,0.0,6.0,2.0
SEVEN_V_ONE_LOG,Game 30,8,1,1,4,0.0,0.0,8.0,0.0
SEVEN_V_ONE_LOG,Game 31,8,1,1,3,0.0,0.0,4.0,2.0
SEVEN_V_ONE_LOG,Game 32,8,1,1,0,0.0,0.0,3.0,0.0
SEVEN_V_ONE_LOG,Game 33,8,1,0,2,0.0,0.0,6.0,0.0
SEVEN_V_ONE_LOG,Game 34,8,1,1,1,0.0,0.0,3.0,0.0
SEVEN_V_ONE_LOG,Game 35,8,1,0,2,0.0,0.0,6.0,1.0
SEVEN_V_ONE_LOG,Game 36,8,1,1,1,0.0,0.0,3.0,0.0
SEVEN_V_ONE_LOG,Game 37,8,1,1,3,0.0,0.0,8.0,0.0
SEVEN_V_ONE_LOG,Game 38,8,1,0,3,0.0,0.0,7.0,1.0
SEVEN_V_ONE_LOG,Game 39,8,1,0,2,0.0,0.0,5.0,2.0
SEVEN_V_ONE_LOG,Game 40,8,1,0,3,0.0,0.0,8.0,1.0
SEVEN_V_ONE_LOG,Game 41,8,1,0,3,0.0,0.0,6.0,1.0
SEVEN_V_ONE_LOG,Game 42,8,1,1,2,0.0,0.0,7.0,0.0
SEVEN_V_ONE_LOG,Game 43,8,1,1,1,0.0,0.0,3.0,0.0
SEVEN_V_ONE_LOG,Game 44,8,1,0,1,0.0,0.0,8.0,1.0
SEVEN_V_ONE_LOG,Game 45,8,1,1,3,0.0,0.0,7.0,0.0
SEVEN_V_ONE_LOG,Game 46,8,1,0,3,0.0,0.0,7.0,1.0
SEVEN_V_ONE_LOG,Game 47,8,1,1,2,1.0,0.0,6.0,0.0
SEVEN_V_ONE_LOG,Game 48,8,1,0,3,0.0,0.0,7.0,0.0
SEVEN_V_ONE_LOG,Game 49,8,1,0,6,0.0,0.0,11.0,1.0
SEVEN_V_ONE_LOG,Game 50,8,1,0,3,0.0,0.0,10.0,0.0
SEVEN_V_ONE_LOG,Game 51,8,1,0,2,0.0,1.0,8.0,0.0
SEVEN_V_ONE_LOG,Game 52,8,1,1,2,0.0,1.0,9.0,1.0
SEVEN_V_ONE_LOG,Game 53,8,1,0,3,0.0,0.0,9.0,0.0
SEVEN_V_ONE_LOG,Game 54,8,1,0,3,0.0,0.0,7.0,1.0
SEVEN_V_ONE_LOG,Game 55,8,1,1,2,0.0,1.0,7.0,0.0
SEVEN_V_ONE_LOG,Game 56,8,1,0,0,0.0,0.0,9.0,0.0
SEVEN_V_ONE_LOG,Game 57,8,1,1,1,0.0,0.0,5.0,0.0
SEVEN_V_ONE_LOG,Game 58,8,1,1,1,0.0,0.0,2.0,1.0
SEVEN_V_ONE_LOG,Game 59,8,1,1,1,0.0,0.0,3.0,0.0
SEVEN_V_ONE_LOG,Game 60,8,1,0,2,0.0,0.0,7.0,2.0
SEVEN_V_ONE_LOG,Game 61,8,1,1,1,0.0,0.0,2.0,1.0
SEVEN_V_ONE_LOG,Game 62,8,1,0,3,0.0,0.0,8.0,1.0
SEVEN_V_ONE_LOG,Game 63,8,1,1,2,0.0,0.0,5.0,0.0
SEVEN_V_ONE_LOG,Game 64,8,1,0,2,0.0,0.0,4.0,0.0
SEVEN_V_ONE_LOG,Game 65,8,1,0,4,0.0,0.0,8.0,1.0
SEVEN_V_ONE_LOG,Game 66,8,1,0,1,0.0,0.0,5.0,2.0
SEVEN_V_ONE_LOG,Game 67,8,1,0,3,0.0,1.0,9.0,1.0
SEVEN_V_ONE_LOG,Game 68,8,1,0,3,0.0,0.0,7.0,2.0
SEVEN_V_ONE_LOG,Game 69,8,1,0,1,0.0,0.0,6.0,0.0
SEVEN_V_ONE_LOG,Game 70,8,1,0,4,0.0,0.0,9.0,0.0
SEVEN_V_ONE_LOG,Game 71,8,1,0,3,1.0,0.0,5.0,1.0
SEVEN_V_ONE_LOG,Game 72,8,1,0,4,0.0,0.0,8.0,1.0
SEVEN_V_ONE_LOG,Game 73,8,1,1,3,0.0,0.0,7.0,0.0
SEVEN_V_ONE_LOG,Game 74,8,1,0,2,0.0,0.0,7.0,0.0
SEVEN_V_ONE_LOG,Game 75,8,1,0,3,0.0,0.0,10.0,1.0
SEVEN_V_ONE_LOG,Game 76,8,1,1,1,0.0,0.0,5.0,0.0
SEVEN_V_ONE_LOG,Game 77,8,1,1,4,0.0,0.0,9.0,0.0
SEVEN_V_ONE_LOG,Game 78,8,1,1,2,0.0,0.0,4.0,0.0
SEVEN_V_ONE_LOG,Game 79,8,1,0,3,0.0,1.0,8.0,0.0
SEVEN_V_ONE_LOG,Game 80,8,1,0,2,0.0,0.0,11.0,0.0
SEVEN_V_ONE_LOG,Game 81,8,1,0,4,0.0,0.0,11.0,0.0
SEVEN_V_ONE_LOG,Game 82,8,1,1,3,0.0,0.0,7.0,0.0
SEVEN_V_ONE_LOG,Game 83,8,1,0,3,0.0,0.0,9.0,0.0
SEVEN_V_ONE_LOG,Game 84,8,1,1,2,0.0,0.0,4.0,0.0
SEVEN_V_ONE_LOG,Game 85,8,1,1,2,0.0,0.0,5.0,0.0
SEVEN_V_ONE_LOG,Game 86,8,1,0,2,0.0,0.0,6.0,1.0
SEVEN_V_ONE_LOG,Game 87,8,1,1,0,0.0,0.0,3.0,0.0
SEVEN_V_ONE_LOG,Game 88,8,1,1,3,0.0,0.0,4.0,2.0
SEVEN_V_ONE_LOG,Game 89,8,1,0,3,0.0,0.0,6.0,0.0
SEVEN_V_ONE_LOG,Game 90,8,1,0,4,0.0,0.0,10.0,1.0
SEVEN_V_ONE_LOG,Game 91,8,1,0,3,0.0,0.0,8.0,1.0
SEVEN_V_ONE_LOG,Game 92,8,1,0,2,0.0,0.0,4.0,1.0
SEVEN_V_ONE_LOG,Game 93,8,1,1,1,0.0,0.0,3.0,0.0
SEVEN_V_ONE_LOG,Game 94,8,1,1,3,0.0,0.0,8.0,0.0
SEVEN_V_ONE_LOG,Game 95,8,1,0,1,0.0,0.0,4.0,1.0
SEVEN_V_ONE_LOG,Game 96,8,1,0,2,0.0,0.0,5.0,0.0
SEVEN_V_ONE_LOG,Game 97,8,1,1,2,0.0,0.0,7.0,0.0
SEVEN_V_ONE_LOG,Game 98,8,1,1,2,0.0,0.0,5.0,0.0
SEVEN_V_ONE_LOG,Game 99,8,1,0,3,0.0,0.0,10.0,1.0
SEVEN_V_ONE_LOG,Game 100,8,1,1,3,0.0,0.0,7.0,0.0
FOUR_V_THREE_LOG,Game 1,7,3,0,0,0.0,0.0,0.0,0.0
FOUR_V_THREE_LOG,Game 2,7,3,0,1,0.0,0.0,8.0,0.0
FOUR_V_THREE_LOG,Game 3,7,3,0,0,0.0,3.0,4.0,2.0
FOUR_V_THREE_LOG,Game 4,7,3,0,0,0.0,0.0,0.0,0.0
FOUR_V_THREE_LOG,Game 5,7,3,0,1,0.0,0.0,9.0,0.0
FOUR_V_THREE_LOG,Game 6,7,3,0,0,0.0,0.0,0.0,0.0
FOUR_V_THREE_LOG,Game 7,7,3,1,2,0.0,0.0,14.0,1.0
FOUR_V_THREE_LOG,Game 8,7,3,0,0,0.0,0.0,0.0,0.0
FOUR_V_THREE_LOG,Game 9,7,3,0,0,0.0,0.0,0.0,0.0
FOUR_V_THREE_LOG,Game 10,7,3,0,1,0.0,0.0,15.0,0.0
FOUR_V_THREE_LOG,Game 11,7,3,0,0,0.0,0.0,0.0,0.0
FOUR_V_THREE_LOG,Game 12,7,3,0,0,0.0,0.0,0.0,0.0
FOUR_V_THREE_LOG,Game 13,7,3,0,0,0.0,0.0,0.0,0.0
FOUR_V_THREE_LOG,Game 14,7,3,0,0,0.0,0.0,0.0,0.0
FOUR_V_THREE_LOG,Game 15,7,3,0,0,0.0,1.0,8.0,0.0
FOUR_V_THREE_LOG,Game 16,7,3,0,0,0.0,0.0,0.0,0.0
FOUR_V_THREE_LOG,Game 17,7,3,0,1,0.0,1.0,8.0,0.0
FOUR_V_THREE_LOG,Game 18,7,3,0,3,0.0,0.0,15.0,2.0
FOUR_V_THREE_LOG,Game 19,7,3,0,2,0.0,1.0,11.0,0.0
FOUR_V_THREE_LOG,Game 20,7,3,0,0,0.0,0.0,0.0,0.0
FOUR_V_THREE_LOG,Game 21,7,3,0,1,0.0,0.0,9.0,0.0
FOUR_V_THREE_LOG,Game 22,7,3,0,1,0.0,0.0,12.0,1.0
FOUR_V_THREE_LOG,Game 23,7,3,0,1,0.0,0.0,9.0,0.0
FOUR_V_THREE_LOG,Game 24,7,3,0,1,1.0,0.0,7.0,1.0
FOUR_V_THREE_LOG,Game 25,7,3,0,1,0.0,0.0,9.0,0.0
FOUR_V_THREE_LOG,Game 26,7,3,0,0,0.0,0.0,0.0,0.0
FOUR_V_THREE_LOG,Game 27,7,3,0,3,1.0,0.0,18.0,2.0
FOUR_V_THREE_LOG,Game 28,7,3,0,2,0.0,0.0,15.0,0.0
FOUR_V_THREE_LOG,Game 29,7,3,0,1,0.0,0.0,9.0,0.0
FOUR_V_THREE_LOG,Game 30,7,3,0,1,0.0,0.0,12.0,0.0
FOUR_V_THREE_LOG,Game 31,7,3,0,0,0.0,0.0,0.0,0.0
FOUR_V_THREE_LOG,Game 32,7,3,0,0,0.0,0.0,0.0,0.0
FOUR_V_THREE_LOG,Game 33,7,3,0,0,0.0,0.0,0.0,0.0
FOUR_V_THREE_LOG,Game 34,7,3,0,0,0.0,0.0,8.0,0.0
FOUR_V_THREE_LOG,Game 35,7,3,0,0,0.0,0.0,0.0,0.0
FOUR_V_THREE_LOG,Game 36,7,3,0,2,0.0,2.0,8.0,3.0
FOUR_V_THREE_LOG,Game 37,7,3,0,0,0.0,0.0,0.0,0.0
FOUR_V_THREE_LOG,Game 38,7,3,0,0,0.0,0.0,0.0,0.0
FOUR_V_THREE_LOG,Game 39,7,3,0,0,0.0,0.0,0.0,0.0
FOUR_V_THREE_LOG,Game 40,7,3,0,1,0.0,0.0,13.0,1.0
FOUR_V_THREE_LOG,Game 41,7,3,0,0,0.0,0.0,0.0,0.0
FOUR_V_THREE_LOG,Game 42,7,3,0,0,0.0,0.0,0.0,0.0
FOUR_V_THREE_LOG,Game 43,7,3,0,0,0.0,0.0,0.0,0.0
FOUR_V_THREE_LOG,Game 44,7,3,0,0,0.0,0.0,0.0,0.0
FOUR_V_THREE_LOG,Game 45,7,3,0,0,0.0,0.0,0.0,0.0
FOUR_V_THREE_LOG,Game 46,7,3,0,4,0.0,1.0,14.0,1.0
FOUR_V_THREE_LOG,Game 47,7,3,0,2,0.0,0.0,13.0,2.0
FOUR_V_THREE_LOG,Game 48,7,3,0,1,0.0,0.0,9.0,0.0
FOUR_V_THREE_LOG,Game 49,7,3,0,0,0.0,0.0,0.0,0.0
FOUR_V_THREE_LOG,Game 50,7,3,1,3,0.0,0.0,19.0,1.0
FOUR_V_THREE_LOG,Game 51,7,3,0,0,0.0,0.0,0.0,0.0
FOUR_V_THREE_LOG,Game 52,7,3,0,0,0.0,0.0,0.0,0.0
FOUR_V_THREE_LOG,Game 53,7,3,0,1,0.0,0.0,8.0,1.0
FOUR_V_THREE_LOG,Game 54,7,3,0,0,0.0,0.0,8.0,1.0
FOUR_V_THREE_LOG,Game 55,7,3,0,2,0.0,0.0,13.0,0.0
FOUR_V_THREE_LOG,Game 56,7,3,0,1,0.0,0.0,8.0,1.0
FOUR_V_THREE_LOG,Game 57,7,3,0,3,0.0,2.0,12.0,0.0
FOUR_V_THREE_LOG,Game 58,7,3,1,1,0.0,1.0,19.0,0.0
FOUR_V_THREE_LOG,Game 59,7,3,0,1,0.0,0.0,9.0,0.0
FOUR_V_THREE_LOG,Game 60,7,3,0,0,0.0,0.0,0.0,0.0
FOUR_V_THREE_LOG,Game 61,7,3,0,1,0.0,0.0,8.0,0.0
FOUR_V_THREE_LOG,Game 62,7,3,0,0,0.0,0.0,0.0,0.0
FOUR_V_THREE_LOG,Game 63,7,3,0,2,1.0,2.0,11.0,1.0
FOUR_V_THREE_LOG,Game 64,7,3,0,0,0.0,0.0,0.0,0.0
FOUR_V_THREE_LOG,Game 65,7,3,0,1,0.0,0.0,8.0,0.0
FOUR_V_THREE_LOG,Game 66,7,3,0,0,0.0,0.0,0.0,0.0
FOUR_V_THREE_LOG,Game 67,7,3,0,0,0.0,0.0,0.0,0.0
FOUR_V_THREE_LOG,Game 68,7,3,0,0,0.0,0.0,0.0,0.0
FOUR_V_THREE_LOG,Game 69,7,3,0,0,0.0,0.0,0.0,0.0
FOUR_V_THREE_LOG,Game 70,7,3,0,0,0.0,0.0,0.0,0.0
FOUR_V_THREE_LOG,Game 71,7,3,0,3,0.0,1.0,17.0,2.0
FOUR_V_THREE_LOG,Game 72,7,3,0,1,0.0,1.0,7.0,0.0
FOUR_V_THREE_LOG,Game 73,7,3,0,0,0.0,0.0,0.0,0.0
FOUR_V_THREE_LOG,Game 74,7,3,0,0,0.0,0.0,7.0,1.0
FOUR_V_THREE_LOG,Game 75,7,3,0,0,0.0,0.0,0.0,0.0
FOUR_V_THREE_LOG,Game 76,7,3,0,1,0.0,0.0,8.0,0.0
FOUR_V_THREE_LOG,Game 77,7,3,0,0,0.0,0.0,0.0,0.0
FOUR_V_THREE_LOG,Game 78,7,3,0,0,0.0,0.0,0.0,0.0
FOUR_V_THREE_LOG,Game 79,7,3,0,0,0.0,0.0,0.0,0.0
FOUR_V_THREE_LOG,Game 80,7,3,0,1,0.0,0.0,9.0,0.0
FOUR_V_THREE_LOG,Game 81,7,3,0,2,0.0,1.0,10.0,2.0
FOUR_V_THREE_LOG,Game 82,7,3,0,0,0.0,0.0,0.0,0.0
FOUR_V_THREE_LOG,Game 83,7,3,0,2,0.0,0.0,11.0,0.0
FOUR_V_THREE_LOG,Game 84,7,3,0,1,0.0,1.0,7.0,0.0
FOUR_V_THREE_LOG,Game 85,7,3,0,2,0.0,0.0,15.0,0.0
FOUR_V_THREE_LOG,Game 86,7,3,0,0,0.0,0.0,0.0,0.0
FOUR_V_THREE_LOG,Game 87,7,3,0,0,0.0,3.0,6.0,0.0
FOUR_V_THREE_LOG,Game 88,7,3,0,0,0.0,0.0,0.0,0.0
FOUR_V_THREE_LOG,Game 89,7,3,0,0,0.0,0.0,0.0,0.0
FOUR_V_THREE_LOG,Game 90,7,3,0,0,0.0,0.0,0.0,0.0
FOUR_V_THREE_LOG,Game 91,7,3,0,1,1.0,0.0,12.0,0.0
FOUR_V_THREE_LOG,Game 92,7,3,0,1,0.0,0.0,9.0,0.0
FOUR_V_THREE_LOG,Game 93,7,3,0,1,0.0,0.0,9.0,0.0
FOUR_V_THREE_LOG,Game 94,7,3,0,1,1.0,0.0,7.0,1.0
FOUR_V_THREE_LOG,Game 95,7,3,0,0,0.0,0.0,0.0,0.0
FOUR_V_THREE_LOG,Game 96,7,3,0,0,0.0,0.0,0.0,0.0
FOUR_V_THREE_LOG,Game 97,7,3,0,3,0.0,1.0,17.0,0.0
FOUR_V_THREE_LOG,Game 98,7,3,0,2,2.0,1.0,8.0,1.0
FOUR_V_THREE_LOG,Game 99,7,3,0,0,0.0,0.0,0.0,0.0
FOUR_V_THREE_LOG,Game 100,7,3,0,0,0.0,0.0,0.0,0.0
SIX_V_ONE_LOG,Game 1,7,1,0,2,0.0,0.0,7.0,0.0
SIX_V_ONE_LOG,Game 2,7,1,0,3,0.0,0.0,7.0,0.0
SIX_V_ONE_LOG,Game 3,7,1,1,1,0.0,0.0,2.0,0.0
SIX_V_ONE_LOG,Game 4,7,1,1,1,0.0,0.0,3.0,0.0
SIX_V_ONE_LOG,Game 5,7,1,0,2,0.0,0.0,5.0,0.0
SIX_V_ONE_LOG,Game 6,7,1,0,1,0.0,0.0,7.0,0.0
SIX_V_ONE_LOG,Game 7,7,1,0,2,0.0,0.0,5.0,1.0
SIX_V_ONE_LOG,Game 8,7,1,1,1,0.0,0.0,3.0,0.0
SIX_V_ONE_LOG,Game 9,7,1,1,2,0.0,0.0,7.0,0.0
SIX_V_ONE_LOG,Game 10,7,1,1,1,0.0,0.0,5.0,0.0
SIX_V_ONE_LOG,Game 11,7,1,1,1,0.0,0.0,5.0,0.0
SIX_V_ONE_LOG,Game 12,7,1,0,1,0.0,0.0,3.0,0.0
SIX_V_ONE_LOG,Game 13,7,1,1,1,0.0,0.0,3.0,0.0
SIX_V_ONE_LOG,Game 14,7,1,1,2,0.0,0.0,5.0,2.0
SIX_V_ONE_LOG,Game 15,7,1,0,2,0.0,0.0,5.0,0.0
SIX_V_ONE_LOG,Game 16,7,1,0,3,0.0,0.0,5.0,1.0
SIX_V_ONE_LOG,Game 17,7,1,1,1,0.0,0.0,3.0,0.0
SIX_V_ONE_LOG,Game 18,7,1,0,2,0.0,0.0,9.0,0.0
SIX_V_ONE_LOG,Game 19,7,1,0,1,0.0,1.0,5.0,0.0
SIX_V_ONE_LOG,Game 20,7,1,0,3,0.0,0.0,9.0,0.0
SIX_V_ONE_LOG,Game 21,7,1,1,0,0.0,0.0,5.0,0.0
SIX_V_ONE_LOG,Game 22,7,1,0,2,0.0,0.0,8.0,1.0
SIX_V_ONE_LOG,Game 23,7,1,0,3,0.0,0.0,8.0,1.0
SIX_V_ONE_LOG,Game 24,7,1,1,0,0.0,1.0,4.0,1.0
SIX_V_ONE_LOG,Game 25,7,1,0,2,0.0,2.0,6.0,1.0
SIX_V_ONE_LOG,Game 26,7,1,1,1,0.0,0.0,3.0,0.0
SIX_V_ONE_LOG,Game 27,7,1,0,2,0.0,0.0,4.0,1.0
SIX_V_ONE_LOG,Game 28,7,1,1,1,0.0,0.0,3.0,0.0
SIX_V_ONE_LOG,Game 29,7,1,1,1,0.0,0.0,6.0,0.0
SIX_V_ONE_LOG,Game 30,7,1,1,1,0.0,0.0,3.0,0.0
SIX_V_ONE_LOG,Game 31,7,1,0,2,0.0,0.0,6.0,1.0
SIX_V_ONE_LOG,Game 32,7,1,1,2,0.0,0.0,6.0,0.0
SIX_V_ONE_LOG,Game 33,7,1,0,2,0.0,0.0,7.0,0.0
SIX_V_ONE_LOG,Game 34,7,1,1,2,0.0,0.0,4.0,1.0
SIX_V_ONE_LOG,Game 35,7,1,1,2,0.0,0.0,4.0,1.0
SIX_V_ONE_LOG,Game 36,7,1,1,3,0.0,1.0,6.0,0.0
SIX_V_ONE_LOG,Game 37,7,1,0,4,0.0,0.0,8.0,0.0
SIX_V_ONE_LOG,Game 38,7,1,0,2,0.0,0.0,6.0,1.0
SIX_V_ONE_LOG,Game 39,7,1,1,0,0.0,0.0,3.0,0.0
SIX_V_ONE_LOG,Game 40,7,1,1,0,0.0,0.0,3.0,0.0
SIX_V_ONE_LOG,Game 41,7,1,1,2,0.0,0.0,5.0,0.0
SIX_V_ONE_LOG,Game 42,7,1,0,2,0.0,0.0,6.0,1.0
SIX_V_ONE_LOG,Game 43,7,1,0,1,0.0,0.0,4.0,1.0
SIX_V_ONE_LOG,Game 44,7,1,1,2,0.0,1.0,6.0,0.0
SIX_V_ONE_LOG,Game 45,7,1,1,2,0.0,0.0,5.0,0.0
SIX_V_ONE_LOG,Game 46,7,1,0,1,0.0,0.0,5.0,0.0
SIX_V_ONE_LOG,Game 47,7,1,1,0,0.0,0.0,7.0,0.0
SIX_V_ONE_LOG,Game 48,7,1,1,2,0.0,0.0,5.0,0.0
SIX_V_ONE_LOG,Game 49,7,1,0,3,0.0,0.0,7.0,0.0
SIX_V_ONE_LOG,Game 50,7,1,0,1,0.0,0.0,5.0,0.0
SIX_V_ONE_LOG,Game 51,7,1,0,1,0.0,0.0,3.0,2.0
SIX_V_ONE_LOG,Game 52,7,1,0,2,0.0,0.0,5.0,0.0
SIX_V_ONE_LOG,Game 53,7,1,1,1,0.0,0.0,3.0,0.0
SIX_V_ONE_LOG,Game 54,7,1,1,2,0.0,0.0,3.0,1.0
SIX_V_ONE_LOG,Game 55,7,1,1,1,0.0,0.0,5.0,0.0
SIX_V_ONE_LOG,Game 56,7,1,0,2,0.0,1.0,4.0,0.0
SIX_V_ONE_LOG,Game 57,7,1,1,2,0.0,0.0,5.0,0.0
SIX_V_ONE_LOG,Game 58,7,1,1,1,0.0,0.0,2.0,0.0
SIX_V_ONE_LOG,Game 59,7,1,0,2,0.0,0.0,5.0,0.0
SIX_V_ONE_LOG,Game 60,7,1,1,1,0.0,0.0,3.0,0.0
SIX_V_ONE_LOG,Game 61,7,1,1,1,0.0,0.0,3.0,0.0
SIX_V_ONE_LOG,Game 62,7,1,1,1,0.0,0.0,3.0,0.0
SIX_V_ONE_LOG,Game 63,7,1,0,1,0.0,0.0,3.0,1.0
SIX_V_ONE_LOG,Game 64,7,1,1,1,0.0,0.0,3.0,0.0
SIX_V_ONE_LOG,Game 65,7,1,1,2,0.0,0.0,9.0,0.0
SIX_V_ONE_LOG,Game 66,7,1,0,1,0.0,0.0,4.0,0.0
SIX_V_ONE_LOG,Game 67,7,1,1,4,0.0,0.0,7.0,2.0
SIX_V_ONE_LOG,Game 68,7,1,0,1,0.0,0.0,3.0,0.0
SIX_V_ONE_LOG,Game 69,7,1,0,1,0.0,0.0,6.0,1.0
SIX_V_ONE_LOG,Game 70,7,1,1,3,0.0,0.0,7.0,1.0
SIX_V_ONE_LOG,Game 71,7,1,0,3,0.0,0.0,5.0,2.0
SIX_V_ONE_LOG,Game 72,7,1,1,3,0.0,1.0,6.0,1.0
SIX_V_ONE_LOG,Game 73,7,1,0,1,0.0,0.0,3.0,2.0
SIX_V_ONE_LOG,Game 74,7,1,0,3,0.0,0.0,8.0,0.0
SIX_V_ONE_LOG,Game 75,7,1,0,4,0.0,1.0,7.0,0.0
SIX_V_ONE_LOG,Game 76,7,1,0,2,0.0,0.0,8.0,0.0
SIX_V_ONE_LOG,Game 77,7,1,1,2,0.0,0.0,9.0,0.0
SIX_V_ONE_LOG,Game 78,7,1,0,2,0.0,0.0,7.0,0.0
SIX_V_ONE_LOG,Game 79,7,1,1,2,0.0,0.0,7.0,2.0
SIX_V_ONE_LOG,Game 80,7,1,1,2,0.0,0.0,4.0,0.0
SIX_V_ONE_LOG,Game 81,7,1,1,3,0.0,0.0,6.0,1.0
SIX_V_ONE_LOG,Game 82,7,1,1,2,0.0,1.0,3.0,1.0
SIX_V_ONE_LOG,Game 83,7,1,0,0,0.0,0.0,5.0,0.0
SIX_V_ONE_LOG,Game 84,7,1,0,2,0.0,0.0,6.0,1.0
SIX_V_ONE_LOG,Game 85,7,1,0,1,0.0,0.0,5.0,0.0
SIX_V_ONE_LOG,Game 86,7,1,0,3,0.0,0.0,5.0,0.0
SIX_V_ONE_LOG,Game 87,7,1,0,2,0.0,0.0,4.0,0.0
SIX_V_ONE_LOG,Game 88,7,1,1,1,0.0,0.0,5.0,0.0
SIX_V_ONE_LOG,Game 89,7,1,0,2,0.0,1.0,4.0,0.0
SIX_V_ONE_LOG,Game 90,7,1,0,3,0.0,0.0,5.0,1.0
SIX_V_ONE_LOG,Game 91,7,1,0,2,0.0,0.0,11.0,0.0
SIX_V_ONE_LOG,Game 92,7,1,1,4,0.0,2.0,7.0,0.0
SIX_V_ONE_LOG,Game 93,7,1,1,2,0.0,1.0,4.0,0.0
SIX_V_ONE_LOG,Game 94,7,1,0,2,0.0,1.0,8.0,0.0
SIX_V_ONE_LOG,Game 95,7,1,0,1,0.0,0.0,6.0,0.0
SIX_V_ONE_LOG,Game 96,7,1,0,3,0.0,0.0,7.0,0.0
SIX_V_ONE_LOG,Game 97,7,1,0,3,0.0,0.0,7.0,0.0
SIX_V_ONE_LOG,Game 98,7,1,1,3,0.0,0.0,7.0,0.0
SIX_V_ONE_LOG,Game 99,7,1,1,3,0.0,1.0,8.0,0.0
SIX_V_ONE_LOG,Game 100,7,1,0,2,0.0,0.0,4.0,1.0
THREE_V_TWO_LOG,Game 1,5,2,0,0,0.0,0.0,0.0,0.0
THREE_V_TWO_LOG,Game 2,5,2,0,0,0.0,0.0,0.0,0.0
THREE_V_TWO_LOG,Game 3,5,2,0,1,0.0,0.0,3.0,1.0
THREE_V_TWO_LOG,Game 4,5,2,1,2,0.0,0.0,5.0,0.0
THREE_V_TWO_LOG,Game 5,5,2,0,0,0.0,0.0,0.0,0.0
THREE_V_TWO_LOG,Game 6,5,2,0,0,0.0,0.0,0.0,0.0
THREE_V_TWO_LOG,Game 7,5,2,0,0,0.0,0.0,0.0,0.0
THREE_V_TWO_LOG,Game 8,5,2,0,0,0.0,0.0,0.0,0.0
THREE_V_TWO_LOG,Game 9,5,2,0,0,0.0,0.0,0.0,0.0
THREE_V_TWO_LOG,Game 10,5,2,0,0,0.0,0.0,0.0,0.0
THREE_V_TWO_LOG,Game 11,5,2,0,0,0.0,0.0,0.0,0.0
THREE_V_TWO_LOG,Game 12,5,2,0,0,0.0,0.0,0.0,0.0
THREE_V_TWO_LOG,Game 13,5,2,0,1,0.0,0.0,4.0,0.0
THREE_V_TWO_LOG,Game 14,5,2,0,0,0.0,0.0,0.0,0.0
THREE_V_TWO_LOG,Game 15,5,2,0,0,0.0,0.0,0.0,0.0
THREE_V_TWO_LOG,Game 16,5,2,1,2,0.0,0.0,5.0,0.0
THREE_V_TWO_LOG,Game 17,5,2,0,1,0.0,0.0,4.0,0.0
THREE_V_TWO_LOG,Game 18,5,2,0,0,0.0,0.0,0.0,0.0
THREE_V_TWO_LOG,Game 19,5,2,0,0,0.0,0.0,4.0,0.0
THREE_V_TWO_LOG,Game 20,5,2,0,0,0.0,0.0,0.0,0.0
THREE_V_TWO_LOG,Game 21,5,2,0,1,0.0,0.0,5.0,0.0
THREE_V_TWO_LOG,Game 22,5,2,0,1,0.0,0.0,4.0,0.0
THREE_V_TWO_LOG,Game 23,5,2,0,2,0.0,0.0,5.0,0.0
THREE_V_TWO_LOG,Game 24,5,2,0,1,0.0,0.0,3.0,1.0
THREE_V_TWO_LOG,Game 25,5,2,0,0,0.0,0.0,0.0,0.0
THREE_V_TWO_LOG,Game 26,5,2,0,1,0.0,0.0,3.0,1.0
THREE_V_TWO_LOG,Game 27,5,2,0,1,0.0,0.0,3.0,0.0
THREE_V_TWO_LOG,Game 28,5,2,0,0,0.0,0.0,0.0,0.0
THREE_V_TWO_LOG,Game 29,5,2,0,0,0.0,0.0,0.0,0.0
THREE_V_TWO_LOG,Game 30,5,2,0,0,0.0,0.0,0.0,0.0
THREE_V_TWO_LOG,Game 31,5,2,0,0,0.0,0.0,4.0,0.0
THREE_V_TWO_LOG,Game 32,5,2,0,0,0.0,0.0,0.0,0.0
THREE_V_TWO_LOG,Game 33,5,2,1,2,0.0,0.0,5.0,0.0
THREE_V_TWO_LOG,Game 34,5,2,0,0,0.0,0.0,0.0,0.0
THREE_V_TWO_LOG,Game 35,5,2,0,1,0.0,0.0,3.0,0.0
THREE_V_TWO_LOG,Game 36,5,2,0,0,0.0,0.0,0.0,0.0
THREE_V_TWO_LOG,Game 37,5,2,0,1,0.0,0.0,4.0,0.0
THREE_V_TWO_LOG,Game 38,5,2,0,1,0.0,0.0,3.0,1.0
THREE_V_TWO_LOG,Game 39,5,2,0,0,1.0,0.0,3.0,0.0
THREE_V_TWO_LOG,Game 40,5,2,0,0,0.0,0.0,0.0,0.0
THREE_V_TWO_LOG,Game 41,5,2,0,0,0.0,0.0,0.0,0.0
THREE_V_TWO_LOG,Game 42,5,2,0,1,0.0,0.0,3.0,0.0
THREE_V_TWO_LOG,Game 43,5,2,0,1,0.0,0.0,3.0,1.0
THREE_V_TWO_LOG,Game 44,5,2,0,0,0.0,0.0,0.0,0.0
THREE_V_TWO_LOG,Game 45,5,2,0,0,0.0,0.0,0.0,0.0
THREE_V_TWO_LOG,Game 46,5,2,0,1,0.0,0.0,4.0,0.0
THREE_V_TWO_LOG,Game 47,5,2,0,0,0.0,0.0,0.0,0.0
THREE_V_TWO_LOG,Game 48,5,2,0,0,0.0,0.0,0.0,0.0
THREE_V_TWO_LOG,Game 49,5,2,0,0,0.0,1.0,3.0,1.0
THREE_V_TWO_LOG,Game 50,5,2,0,1,0.0,0.0,3.0,1.0
THREE_V_TWO_LOG,Game 51,5,2,0,0,0.0,0.0,4.0,0.0
THREE_V_TWO_LOG,Game 52,5,2,0,0,0.0,0.0,0.0,0.0
THREE_V_TWO_LOG,Game 53,5,2,0,1,0.0,0.0,3.0,1.0
THREE_V_TWO_LOG,Game 54,5,2,0,0,0.0,0.0,0.0,0.0
THREE_V_TWO_LOG,Game 55,5,2,0,0,0.0,0.0,0.0,0.0
THREE_V_TWO_LOG,Game 56,5,2,0,1,0.0,0.0,4.0,0.0
THREE_V_TWO_LOG,Game 57,5,2,0,0,0.0,0.0,0.0,0.0
THREE_V_TWO_LOG,Game 58,5,2,0,1,0.0,0.0,4.0,0.0
THREE_V_TWO_LOG,Game 59,5,2,0,0,0.0,0.0,4.0,0.0
THREE_V_TWO_LOG,Game 60,5,2,0,1,0.0,0.0,4.0,0.0
THREE_V_TWO_LOG,Game 61,5,2,0,0,0.0,0.0,0.0,0.0
THREE_V_TWO_LOG,Game 62,5,2,0,1,0.0,1.0,2.0,1.0
THREE_V_TWO_LOG,Game 63,5,2,0,0,0.0,0.0,4.0,0.0
THREE_V_TWO_LOG,Game 64,5,2,0,2,0.0,0.0,6.0,0.0
THREE_V_TWO_LOG,Game 65,5,2,0,1,0.0,0.0,4.0,0.0
THREE_V_TWO_LOG,Game 66,5,2,0,0,0.0,0.0,0.0,0.0
THREE_V_TWO_LOG,Game 67,5,2,0,0,0.0,0.0,0.0,0.0
THREE_V_TWO_LOG,Game 68,5,2,0,0,0.0,0.0,0.0,0.0
THREE_V_TWO_LOG,Game 69,5,2,0,0,0.0,0.0,0.0,0.0
THREE_V_TWO_LOG,Game 70,5,2,0,1,0.0,0.0,4.0,0.0
THREE_V_TWO_LOG,Game 71,5,2,0,0,0.0,0.0,3.0,1.0
THREE_V_TWO_LOG,Game 72,5,2,0,0,0.0,0.0,3.0,1.0
THREE_V_TWO_LOG,Game 73,5,2,0,0,0.0,0.0,5.0,0.0
THREE_V_TWO_LOG,Game 74,5,2,0,0,0.0,0.0,0.0,0.0
THREE_V_TWO_LOG,Game 75,5,2,0,1,0.0,0.0,4.0,0.0
THREE_V_TWO_LOG,Game 76,5,2,0,2,0.0,0.0,4.0,1.0
THREE_V_TWO_LOG,Game 77,5,2,0,1,0.0,0.0,5.0,0.0
THREE_V_TWO_LOG,Game 78,5,2,0,0,0.0,0.0,0.0,0.0
THREE_V_TWO_LOG,Game 79,5,2,0,0,0.0,0.0,0.0,0.0
THREE_V_TWO_LOG,Game 80,5,2,0,0,0.0,0.0,0.0,0.0
THREE_V_TWO_LOG,Game 81,5,2,0,1,0.0,0.0,4.0,0.0
THREE_V_TWO_LOG,Game 82,5,2,0,0,0.0,0.0,4.0,0.0
THREE_V_TWO_LOG,Game 83,5,2,0,0,0.0,0.0,0.0,0.0
THREE_V_TWO_LOG,Game 84,5,2,0,0,0.0,0.0,0.0,0.0
THREE_V_TWO_LOG,Game 85,5,2,0,0,0.0,0.0,0.0,0.0
THREE_V_TWO_LOG,Game 86,5,2,0,1,0.0,0.0,3.0,1.0
THREE_V_TWO_LOG,Game 87,5,2,0,0,0.0,0.0,0.0,0.0
THREE_V_TWO_LOG,Game 88,5,2,0,1,0.0,0.0,4.0,0.0
THREE_V_TWO_LOG,Game 89,5,2,0,0,0.0,0.0,0.0,0.0
THREE_V_TWO_LOG,Game 90,5,2,0,0,0.0,0.0,3.0,1.0
THREE_V_TWO_LOG,Game 91,5,2,0,0,0.0,0.0,0.0,0.0
THREE_V_TWO_LOG,Game 92,5,2,0,0,0.0,0.0,0.0,0.0
THREE_V_TWO_LOG,Game 93,5,2,0,0,0.0,0.0,0.0,0.0
THREE_V_TWO_LOG,Game 94,5,2,0,0,0.0,0.0,0.0,0.0
THREE_V_TWO_LOG,Game 95,5,2,0,0,0.0,0.0,3.0,1.0
THREE_V_TWO_LOG,Game 96,5,2,0,1,0.0,0.0,2.0,1.0
THREE_V_TWO_LOG,Game 97,5,2,0,0,0.0,0.0,0.0,0.0
THREE_V_TWO_LOG,Game 98,5,2,0,2,0.0,0.0,5.0,1.0
THREE_V_TWO_LOG,Game 99,5,2,0,0,0.0,0.0,0.0,0.0
THREE_V_TWO_LOG,Game 100,5,2,0,0,0.0,0.0,0.0,0.0
FOUR_V_TWO_LOG,Game 1,6,2,0,1,0.0,0.0,11.0,1.0
FOUR_V_TWO_LOG,Game 2,6,2,0,0,0.0,0.0,5.0,1.0
FOUR_V_TWO_LOG,Game 3,6,2,0,1,0.0,0.0,6.0,0.0
FOUR_V_TWO_LOG,Game 4,6,2,0,0,0.0,0.0,6.0,0.0
FOUR_V_TWO_LOG,Game 5,6,2,0,3,0.0,1.0,11.0,0.0
FOUR_V_TWO_LOG,Game 6,6,2,0,1,0.0,0.0,6.0,0.0
FOUR_V_TWO_LOG,Game 7,6,2,0,1,0.0,0.0,5.0,0.0
FOUR_V_TWO_LOG,Game 8,6,2,1,2,0.0,0.0,9.0,1.0
FOUR_V_TWO_LOG,Game 9,6,2,0,1,0.0,0.0,5.0,0.0
FOUR_V_TWO_LOG,Game 10,6,2,0,1,0.0,0.0,6.0,0.0
FOUR_V_TWO_LOG,Game 11,6,2,0,2,0.0,0.0,8.0,0.0
FOUR_V_TWO_LOG,Game 12,6,2,0,1,0.0,0.0,6.0,0.0
FOUR_V_TWO_LOG,Game 13,6,2,0,1,0.0,0.0,5.0,1.0
FOUR_V_TWO_LOG,Game 14,6,2,0,2,0.0,0.0,9.0,0.0
FOUR_V_TWO_LOG,Game 15,6,2,0,1,0.0,0.0,6.0,0.0
FOUR_V_TWO_LOG,Game 16,6,2,0,1,0.0,0.0,10.0,0.0
FOUR_V_TWO_LOG,Game 17,6,2,0,1,0.0,0.0,6.0,0.0
FOUR_V_TWO_LOG,Game 18,6,2,0,1,0.0,0.0,5.0,0.0
FOUR_V_TWO_LOG,Game 19,6,2,0,1,0.0,0.0,6.0,0.0
FOUR_V_TWO_LOG,Game 20,6,2,0,1,0.0,0.0,10.0,0.0
FOUR_V_TWO_LOG,Game 21,6,2,0,1,0.0,0.0,5.0,1.0
FOUR_V_TWO_LOG,Game 22,6,2,0,0,0.0,0.0,8.0,1.0
FOUR_V_TWO_LOG,Game 23,6,2,0,1,0.0,0.0,9.0,1.0
FOUR_V_TWO_LOG,Game 24,6,2,0,0,0.0,0.0,0.0,0.0
FOUR_V_TWO_LOG,Game 25,6,2,0,0,0.0,0.0,0.0,0.0
FOUR_V_TWO_LOG,Game 26,6,2,0,2,0.0,0.0,8.0,0.0
FOUR_V_TWO_LOG,Game 27,6,2,1,2,0.0,0.0,8.0,0.0
FOUR_V_TWO_LOG,Game 28,6,2,0,1,0.0,0.0,6.0,0.0
FOUR_V_TWO_LOG,Game 29,6,2,0,1,0.0,2.0,8.0,0.0
FOUR_V_TWO_LOG,Game 30,6,2,0,2,0.0,0.0,8.0,0.0
FOUR_V_TWO_LOG,Game 31,6,2,0,1,0.0,1.0,5.0,1.0
FOUR_V_TWO_LOG,Game 32,6,2,1,3,0.0,0.0,9.0,0.0
FOUR_V_TWO_LOG,Game 33,6,2,0,1,0.0,0.0,5.0,0.0
FOUR_V_TWO_LOG,Game 34,6,2,0,0,0.0,0.0,0.0,0.0
FOUR_V_TWO_LOG,Game 35,6,2,0,0,0.0,0.0,6.0,0.0
FOUR_V_TWO_LOG,Game 36,6,2,0,1,0.0,0.0,6.0,0.0
FOUR_V_TWO_LOG,Game 37,6,2,0,1,0.0,0.0,7.0,1.0
FOUR_V_TWO_LOG,Game 38,6,2,1,2,0.0,0.0,5.0,3.0
FOUR_V_TWO_LOG,Game 39,6,2,0,2,0.0,0.0,8.0,0.0
FOUR_V_TWO_LOG,Game 40,6,2,0,2,0.0,0.0,11.0,0.0
FOUR_V_TWO_LOG,Game 41,6,2,0,1,0.0,1.0,4.0,1.0
FOUR_V_TWO_LOG,Game 42,6,2,0,0,0.0,0.0,4.0,2.0
FOUR_V_TWO_LOG,Game 43,6,2,0,1,0.0,0.0,7.0,1.0
FOUR_V_TWO_LOG,Game 44,6,2,1,2,0.0,0.0,9.0,0.0
FOUR_V_TWO_LOG,Game 45,6,2,0,2,1.0,0.0,12.0,0.0
FOUR_V_TWO_LOG,Game 46,6,2,0,2,0.0,0.0,8.0,0.0
FOUR_V_TWO_LOG,Game 47,6,2,0,0,0.0,0.0,6.0,0.0
FOUR_V_TWO_LOG,Game 48,6,2,1,2,0.0,0.0,8.0,0.0
FOUR_V_TWO_LOG,Game 49,6,2,0,1,0.0,0.0,5.0,1.0
FOUR_V_TWO_LOG,Game 50,6,2,0,2,0.0,0.0,7.0,0.0
FOUR_V_TWO_LOG,Game 51,6,2,0,1,1.0,0.0,8.0,1.0
FOUR_V_TWO_LOG,Game 52,6,2,0,1,0.0,0.0,5.0,1.0
FOUR_V_TWO_LOG,Game 53,6,2,0,2,0.0,0.0,10.0,0.0
FOUR_V_TWO_LOG,Game 54,6,2,0,1,0.0,0.0,6.0,0.0
FOUR_V_TWO_LOG,Game 55,6,2,0,2,1.0,0.0,9.0,0.0
FOUR_V_TWO_LOG,Game 56,6,2,0,2,2.0,0.0,7.0,1.0
FOUR_V_TWO_LOG,Game 57,6,2,0,1,0.0,1.0,4.0,1.0
FOUR_V_TWO_LOG,Game 58,6,2,0,2,0.0,0.0,8.0,0.0
FOUR_V_TWO_LOG,Game 59,6,2,0,0,0.0,0.0,0.0,0.0
FOUR_V_TWO_LOG,Game 60,6,2,0,1,0.0,0.0,8.0,0.0
FOUR_V_TWO_LOG,Game 61,6,2,0,1,0.0,0.0,6.0,0.0
FOUR_V_TWO_LOG,Game 62,6,2,0,1,0.0,1.0,9.0,0.0
FOUR_V_TWO_LOG,Game 63,6,2,0,2,0.0,0.0,6.0,1.0
FOUR_V_TWO_LOG,Game 64,6,2,0,2,0.0,0.0,10.0,1.0
FOUR_V_TWO_LOG,Game 65,6,2,0,3,0.0,0.0,8.0,1.0
FOUR_V_TWO_LOG,Game 66,6,2,0,2,0.0,0.0,7.0,1.0
FOUR_V_TWO_LOG,Game 67,6,2,0,1,0.0,0.0,6.0,0.0
FOUR_V_TWO_LOG,Game 68,6,2,0,0,0.0,0.0,0.0,0.0
FOUR_V_TWO_LOG,Game 69,6,2,0,2,0.0,0.0,8.0,0.0
FOUR_V_TWO_LOG,Game 70,6,2,0,0,0.0,0.0,0.0,0.0
FOUR_V_TWO_LOG,Game 71,6,2,0,1,0.0,0.0,6.0,0.0
FOUR_V_TWO_LOG,Game 72,6,2,0,1,0.0,0.0,7.0,0.0
FOUR_V_TWO_LOG,Game 73,6,2,0,3,0.0,0.0,10.0,0.0
FOUR_V_TWO_LOG,Game 74,6,2,0,1,0.0,0.0,6.0,0.0
FOUR_V_TWO_LOG,Game 75,6,2,0,2,0.0,0.0,8.0,0.0
FOUR_V_TWO_LOG,Game 76,6,2,0,1,0.0,0.0,6.0,0.0
FOUR_V_TWO_LOG,Game 77,6,2,0,1,0.0,0.0,6.0,0.0
FOUR_V_TWO_LOG,Game 78,6,2,0,1,0.0,0.0,6.0,0.0
FOUR_V_TWO_LOG,Game 79,6,2,0,2,1.0,0.0,8.0,1.0
FOUR_V_TWO_LOG,Game 80,6,2,0,2,0.0,1.0,9.0,0.0
FOUR_V_TWO_LOG,Game 81,6,2,0,1,0.0,0.0,6.0,0.0
FOUR_V_TWO_LOG,Game 82,6,2,0,1,0.0,0.0,6.0,0.0
FOUR_V_TWO_LOG,Game 83,6,2,0,1,0.0,0.0,6.0,0.0
FOUR_V_TWO_LOG,Game 84,6,2,0,2,0.0,0.0,9.0,1.0
FOUR_V_TWO_LOG,Game 85,6,2,0,0,0.0,0.0,0.0,0.0
FOUR_V_TWO_LOG,Game 86,6,2,0,0,0.0,0.0,0.0,0.0
FOUR_V_TWO_LOG,Game 87,6,2,1,3,0.0,1.0,8.0,0.0
FOUR_V_TWO_LOG,Game 88,6,2,0,1,0.0,0.0,6.0,0.0
FOUR_V_TWO_LOG,Game 89,6,2,0,1,0.0,2.0,8.0,0.0
FOUR_V_TWO_LOG,Game 90,6,2,0,1,0.0,0.0,6.0,0.0
FOUR_V_TWO_LOG,Game 91,6,2,0,1,0.0,0.0,9.0,1.0
FOUR_V_TWO_LOG,Game 92,6,2,0,1,0.0,0.0,7.0,1.0
FOUR_V_TWO_LOG,Game 93,6,2,0,1,0.0,0.0,6.0,0.0
FOUR_V_TWO_LOG,Game 94,6,2,0,0,0.0,0.0,5.0,1.0
FOUR_V_TWO_LOG,Game 95,6,2,0,2,0.0,0.0,12.0,0.0
FOUR_V_TWO_LOG,Game 96,6,2,0,2,0.0,0.0,8.0,0.0
FOUR_V_TWO_LOG,Game 97,6,2,0,0,0.0,0.0,6.0,2.0
FOUR_V_TWO_LOG,Game 98,6,2,0,2,0.0,0.0,10.0,0.0
FOUR_V_TWO_LOG,Game 99,6,2,0,1,1.0,0.0,5.0,0.0
FOUR_V_TWO_LOG,Game 100,6,2,0,0,0.0,0.0,10.0,0.0
FIVE_V_TWO_LOG,Game 1,7,2,0,0,0.0,0.0,0.0,0.0
FIVE_V_TWO_LOG,Game 2,7,2,1,2,1.0,1.0,9.0,1.0
FIVE_V_TWO_LOG,Game 3,7,2,0,0,0.0,1.0,4.0,1.0
FIVE_V_TWO_LOG,Game 4,7,2,0,2,0.0,0.0,8.0,2.0
FIVE_V_TWO_LOG,Game 5,7,2,0,2,0.0,2.0,8.0,0.0
FIVE_V_TWO_LOG,Game 6,7,2,0,2,0.0,0.0,10.0,1.0
FIVE_V_TWO_LOG,Game 7,7,2,1,3,0.0,1.0,10.0,0.0
FIVE_V_TWO_LOG,Game 8,7,2,0,2,0.0,0.0,7.0,2.0
FIVE_V_TWO_LOG,Game 9,7,2,1,3,0.0,0.0,11.0,1.0
FIVE_V_TWO_LOG,Game 10,7,2,0,2,0.0,0.0,9.0,1.0
FIVE_V_TWO_LOG,Game 11,7,2,1,3,0.0,0.0,11.0,1.0
FIVE_V_TWO_LOG,Game 12,7,2,0,1,0.0,1.0,5.0,0.0
FIVE_V_TWO_LOG,Game 13,7,2,1,2,0.0,0.0,8.0,0.0
FIVE_V_TWO_LOG,Game 14,7,2,0,1,0.0,0.0,8.0,0.0
FIVE_V_TWO_LOG,Game 15,7,2,0,2,0.0,0.0,8.0,0.0
FIVE_V_TWO_LOG,Game 16,7,2,0,1,0.0,1.0,5.0,0.0
FIVE_V_TWO_LOG,Game 17,7,2,0,2,0.0,0.0,10.0,0.0
FIVE_V_TWO_LOG,Game 18,7,2,0,1,0.0,0.0,6.0,0.0
FIVE_V_TWO_LOG,Game 19,7,2,0,0,0.0,0.0,6.0,0.0
FIVE_V_TWO_LOG,Game 20,7,2,0,1,1.0,0.0,5.0,0.0
FIVE_V_TWO_LOG,Game 21,7,2,0,2,0.0,0.0,10.0,0.0
FIVE_V_TWO_LOG,Game 22,7,2,0,2,0.0,0.0,10.0,0.0
FIVE_V_TWO_LOG,Game 23,7,2,0,1,0.0,0.0,6.0,0.0
FIVE_V_TWO_LOG,Game 24,7,2,0,0,0.0,0.0,0.0,0.0
FIVE_V_TWO_LOG,Game 25,7,2,0,1,0.0,0.0,4.0,2.0
FIVE_V_TWO_LOG,Game 26,7,2,0,2,0.0,0.0,10.0,0.0
FIVE_V_TWO_LOG,Game 27,7,2,0,0,0.0,0.0,0.0,0.0
FIVE_V_TWO_LOG,Game 28,7,2,0,3,0.0,0.0,15.0,0.0
FIVE_V_TWO_LOG,Game 29,7,2,0,1,0.0,1.0,5.0,0.0
FIVE_V_TWO_LOG,Game 30,7,2,1,2,0.0,0.0,13.0,1.0
FIVE_V_TWO_LOG,Game 31,7,2,0,2,0.0,0.0,10.0,0.0
FIVE_V_TWO_LOG,Game 32,7,2,1,2,0.0,0.0,11.0,1.0
FIVE_V_TWO_LOG,Game 33,7,2,0,1,0.0,0.0,10.0,0.0
FIVE_V_TWO_LOG,Game 34,7,2,0,4,0.0,0.0,14.0,0.0
FIVE_V_TWO_LOG,Game 35,7,2,0,2,0.0,0.0,7.0,1.0
FIVE_V_TWO_LOG,Game 36,7,2,0,1,0.0,0.0,6.0,0.0
FIVE_V_TWO_LOG,Game 37,7,2,0,1,0.0,0.0,5.0,1.0
FIVE_V_TWO_LOG,Game 38,7,2,0,2,0.0,0.0,8.0,2.0
FIVE_V_TWO_LOG,Game 39,7,2,0,2,0.0,0.0,8.0,1.0
FIVE_V_TWO_LOG,Game 40,7,2,0,1,1.0,0.0,4.0,1.0
FIVE_V_TWO_LOG,Game 41,7,2,0,3,0.0,0.0,13.0,1.0
FIVE_V_TWO_LOG,Game 42,7,2,0,2,0.0,1.0,6.0,4.0
FIVE_V_TWO_LOG,Game 43,7,2,0,3,0.0,0.0,13.0,1.0
FIVE_V_TWO_LOG,Game 44,7,2,0,1,0.0,0.0,8.0,0.0
FIVE_V_TWO_LOG,Game 45,7,2,0,1,0.0,0.0,4.0,2.0
FIVE_V_TWO_LOG,Game 46,7,2,0,1,0.0,0.0,6.0,0.0
FIVE_V_TWO_LOG,Game 47,7,2,1,2,0.0,0.0,10.0,0.0
FIVE_V_TWO_LOG,Game 48,7,2,1,2,0.0,0.0,11.0,1.0
FIVE_V_TWO_LOG,Game 49,7,2,0,2,0.0,0.0,8.0,1.0
FIVE_V_TWO_LOG,Game 50,7,2,0,2,0.0,0.0,9.0,1.0
FIVE_V_TWO_LOG,Game 51,7,2,0,3,0.0,1.0,11.0,0.0
FIVE_V_TWO_LOG,Game 52,7,2,0,1,0.0,0.0,4.0,0.0
FIVE_V_TWO_LOG,Game 53,7,2,0,1,0.0,0.0,5.0,1.0
FIVE_V_TWO_LOG,Game 54,7,2,0,2,0.0,0.0,13.0,0.0
FIVE_V_TWO_LOG,Game 55,7,2,0,1,0.0,0.0,10.0,0.0
FIVE_V_TWO_LOG,Game 56,7,2,1,2,2.0,0.0,6.0,0.0
FIVE_V_TWO_LOG,Game 57,7,2,0,2,1.0,1.0,10.0,0.0
FIVE_V_TWO_LOG,Game 58,7,2,0,1,0.0,0.0,8.0,1.0
FIVE_V_TWO_LOG,Game 59,7,2,0,1,0.0,0.0,6.0,0.0
FIVE_V_TWO_LOG,Game 60,7,2,0,1,0.0,0.0,8.0,0.0
FIVE_V_TWO_LOG,Game 61,7,2,0,1,0.0,1.0,5.0,0.0
FIVE_V_TWO_LOG,Game 62,7,2,0,1,0.0,0.0,9.0,0.0
FIVE_V_TWO_LOG,Game 63,7,2,0,1,0.0,0.0,10.0,0.0
FIVE_V_TWO_LOG,Game 64,7,2,1,3,1.0,0.0,15.0,1.0
FIVE_V_TWO_LOG,Game 65,7,2,0,3,0.0,0.0,11.0,1.0
FIVE_V_TWO_LOG,Game 66,7,2,0,1,0.0,0.0,5.0,1.0
FIVE_V_TWO_LOG,Game 67,7,2,0,2,0.0,0.0,9.0,1.0
FIVE_V_TWO_LOG,Game 68,7,2,0,1,0.0,1.0,4.0,0.0
FIVE_V_TWO_LOG,Game 69,7,2,0,2,0.0,0.0,9.0,1.0
FIVE_V_TWO_LOG,Game 70,7,2,0,2,0.0,0.0,9.0,1.0
FIVE_V_TWO_LOG,Game 71,7,2,0,0,0.0,0.0,0.0,0.0
FIVE_V_TWO_LOG,Game 72,7,2,0,1,0.0,0.0,8.0,0.0
FIVE_V_TWO_LOG,Game 73,7,2,0,2,0.0,0.0,10.0,0.0
FIVE_V_TWO_LOG,Game 74,7,2,0,2,0.0,0.0,7.0,1.0
FIVE_V_TWO_LOG,Game 75,7,2,0,2,0.0,0.0,9.0,1.0
FIVE_V_TWO_LOG,Game 76,7,2,0,1,0.0,0.0,7.0,2.0
FIVE_V_TWO_LOG,Game 77,7,2,0,2,0.0,0.0,12.0,0.0
FIVE_V_TWO_LOG,Game 78,7,2,0,2,0.0,0.0,8.0,0.0
FIVE_V_TWO_LOG,Game 79,7,2,0,1,0.0,0.0,6.0,0.0
FIVE_V_TWO_LOG,Game 80,7,2,0,3,0.0,0.0,12.0,0.0
FIVE_V_TWO_LOG,Game 81,7,2,0,2,0.0,0.0,9.0,1.0
FIVE_V_TWO_LOG,Game 82,7,2,0,0,0.0,0.0,6.0,0.0
FIVE_V_TWO_LOG,Game 83,7,2,0,1,0.0,0.0,6.0,0.0
FIVE_V_TWO_LOG,Game 84,7,2,0,1,0.0,0.0,8.0,1.0
FIVE_V_TWO_LOG,Game 85,7,2,0,2,1.0,0.0,7.0,0.0
FIVE_V_TWO_LOG,Game 86,7,2,0,1,0.0,0.0,5.0,1.0
FIVE_V_TWO_LOG,Game 87,7,2,0,1,0.0,0.0,8.0,0.0
FIVE_V_TWO_LOG,Game 88,7,2,0,1,0.0,0.0,6.0,1.0
FIVE_V_TWO_LOG,Game 89,7,2,1,2,0.0,0.0,7.0,1.0
FIVE_V_TWO_LOG,Game 90,7,2,0,2,0.0,1.0,7.0,0.0
FIVE_V_TWO_LOG,Game 91,7,2,1,1,0.0,0.0,8.0,0.0
FIVE_V_TWO_LOG,Game 92,7,2,0,4,0.0,0.0,11.0,1.0
FIVE_V_TWO_LOG,Game 93,7,2,0,1,0.0,0.0,6.0,0.0
FIVE_V_TWO_LOG,Game 94,7,2,0,1,0.0,2.0,3.0,1.0
FIVE_V_TWO_LOG,Game 95,7,2,1,1,0.0,0.0,8.0,0.0
FIVE_V_TWO_LOG,Game 96,7,2,0,1,0.0,0.0,13.0,1.0
FIVE_V_TWO_LOG,Game 97,7,2,0,0,0.0,0.0,0.0,0.0
FIVE_V_TWO_LOG,Game 98,7,2,1,2,0.0,0.0,11.0,0.0
FIVE_V_TWO_LOG,Game 99,7,2,0,0,0.0,0.0,4.0,2.0
FIVE_V_TWO_LOG,Game 100,7,2,0,1,0.0,0.0,6.0,0.0
FOUR_V_ONE_LOG,Game 1,5,1,0,1,0.0,2.0,5.0,0.0
FOUR_V_ONE_LOG,Game 2,5,1,0,1,0.0,1.0,3.0,0.0
FOUR_V_ONE_LOG,Game 3,5,1,1,0,0.0,0.0,3.0,0.0
FOUR_V_ONE_LOG,Game 4,5,1,1,0,0.0,0.0,5.0,0.0
FOUR_V_ONE_LOG,Game 5,5,1,0,3,0.0,0.0,6.0,1.0
FOUR_V_ONE_LOG,Game 6,5,1,1,1,0.0,0.0,3.0,0.0
FOUR_V_ONE_LOG,Game 7,5,1,0,1,0.0,0.0,3.0,1.0
FOUR_V_ONE_LOG,Game 8,5,1,1,1,0.0,0.0,3.0,0.0
FOUR_V_ONE_LOG,Game 9,5,1,0,1,1.0,1.0,3.0,0.0
FOUR_V_ONE_LOG,Game 10,5,1,1,1,0.0,0.0,3.0,0.0
FOUR_V_ONE_LOG,Game 11,5,1,1,1,1.0,0.0,2.0,0.0
FOUR_V_ONE_LOG,Game 12,5,1,0,2,0.0,0.0,5.0,0.0
FOUR_V_ONE_LOG,Game 13,5,1,0,1,0.0,0.0,2.0,1.0
FOUR_V_ONE_LOG,Game 14,5,1,0,1,0.0,0.0,3.0,0.0
FOUR_V_ONE_LOG,Game 15,5,1,1,1,0.0,1.0,2.0,0.0
FOUR_V_ONE_LOG,Game 16,5,1,0,1,0.0,0.0,5.0,0.0
FOUR_V_ONE_LOG,Game 17,5,1,0,2,0.0,0.0,5.0,0.0
FOUR_V_ONE_LOG,Game 18,5,1,1,1,0.0,0.0,3.0,0.0
FOUR_V_ONE_LOG,Game 19,5,1,1,0,0.0,0.0,2.0,1.0
FOUR_V_ONE_LOG,Game 20,5,1,0,1,0.0,1.0,6.0,0.0
FOUR_V_ONE_LOG,Game 21,5,1,0,0,0.0,0.0,3.0,1.0
FOUR_V_ONE_LOG,Game 22,5,1,0,2,0.0,0.0,5.0,0.0
FOUR_V_ONE_LOG,Game 23,5,1,1,2,0.0,0.0,5.0,0.0
FOUR_V_ONE_LOG,Game 24,5,1,0,1,0.0,0.0,3.0,0.0
FOUR_V_ONE_LOG,Game 25,5,1,0,0,0.0,0.0,0.0,0.0
FOUR_V_ONE_LOG,Game 26,5,1,1,2,0.0,0.0,4.0,1.0
FOUR_V_ONE_LOG,Game 27,5,1,0,0,0.0,0.0,5.0,0.0
FOUR_V_ONE_LOG,Game 28,5,1,0,0,0.0,0.0,2.0,0.0
FOUR_V_ONE_LOG,Game 29,5,1,0,1,0.0,0.0,2.0,1.0
FOUR_V_ONE_LOG,Game 30,5,1,0,0,0.0,0.0,2.0,0.0
FOUR_V_ONE_LOG,Game 31,5,1,1,2,0.0,0.0,4.0,1.0
FOUR_V_ONE_LOG,Game 32,5,1,1,1,0.0,0.0,2.0,0.0
FOUR_V_ONE_LOG,Game 33,5,1,0,0,0.0,0.0,0.0,0.0
FOUR_V_ONE_LOG,Game 34,5,1,1,2,0.0,0.0,5.0,0.0
FOUR_V_ONE_LOG,Game 35,5,1,0,1,0.0,0.0,3.0,0.0
FOUR_V_ONE_LOG,Game 36,5,1,1,1,0.0,0.0,3.0,0.0
FOUR_V_ONE_LOG,Game 37,5,1,1,1,0.0,0.0,3.0,0.0
FOUR_V_ONE_LOG,Game 38,5,1,0,1,1.0,0.0,2.0,0.0
FOUR_V_ONE_LOG,Game 39,5,1,0,0,0.0,0.0,0.0,0.0
FOUR_V_ONE_LOG,Game 40,5,1,1,2,0.0,0.0,5.0,0.0
FOUR_V_ONE_LOG,Game 41,5,1,1,1,0.0,0.0,3.0,0.0
FOUR_V_ONE_LOG,Game 42,5,1,0,0,0.0,0.0,0.0,0.0
FOUR_V_ONE_LOG,Game 43,5,1,0,0,0.0,0.0,3.0,0.0
FOUR_V_ONE_LOG,Game 44,5,1,0,1,0.0,0.0,5.0,0.0
FOUR_V_ONE_LOG,Game 45,5,1,1,2,0.0,0.0,5.0,0.0
FOUR_V_ONE_LOG,Game 46,5,1,0,1,0.0,0.0,3.0,0.0
FOUR_V_ONE_LOG,Game 47,5,1,0,2,0.0,1.0,5.0,0.0
FOUR_V_ONE_LOG,Game 48,5,1,0,2,0.0,0.0,5.0,0.0
FOUR_V_ONE_LOG,Game 49,5,1,0,1,0.0,0.0,2.0,1.0
FOUR_V_ONE_LOG,Game 50,5,1,1,1,0.0,0.0,3.0,0.0
FOUR_V_ONE_LOG,Game 51,5,1,0,1,0.0,0.0,5.0,0.0
FOUR_V_ONE_LOG,Game 52,5,1,0,0,0.0,1.0,2.0,0.0
FOUR_V_ONE_LOG,Game 53,5,1,0,1,0.0,0.0,3.0,0.0
FOUR_V_ONE_LOG,Game 54,5,1,1,1,0.0,0.0,5.0,1.0
FOUR_V_ONE_LOG,Game 55,5,1,0,1,0.0,0.0,2.0,1.0
FOUR_V_ONE_LOG,Game 56,5,1,0,0,0.0,0.0,4.0,1.0
FOUR_V_ONE_LOG,Game 57,5,1,1,0,0.0,0.0,5.0,0.0
FOUR_V_ONE_LOG,Game 58,5,1,0,1,0.0,0.0,3.0,0.0
FOUR_V_ONE_LOG,Game 59,5,1,0,2,0.0,0.0,6.0,1.0
FOUR_V_ONE_LOG,Game 60,5,1,1,1,0.0,0.0,3.0,0.0
FOUR_V_ONE_LOG,Game 61,5,1,0,1,0.0,0.0,6.0,1.0
FOUR_V_ONE_LOG,Game 62,5,1,0,0,0.0,0.0,0.0,0.0
FOUR_V_ONE_LOG,Game 63,5,1,1,0,0.0,0.0,3.0,0.0
FOUR_V_ONE_LOG,Game 64,5,1,0,1,0.0,1.0,1.0,0.0
FOUR_V_ONE_LOG,Game 65,5,1,0,0,0.0,0.0,0.0,0.0
FOUR_V_ONE_LOG,Game 66,5,1,1,1,0.0,0.0,3.0,0.0
FOUR_V_ONE_LOG,Game 67,5,1,0,1,0.0,0.0,5.0,0.0
FOUR_V_ONE_LOG,Game 68,5,1,0,1,0.0,0.0,4.0,0.0
FOUR_V_ONE_LOG,Game 69,5,1,0,0,0.0,0.0,0.0,0.0
FOUR_V_ONE_LOG,Game 70,5,1,0,2,0.0,0.0,5.0,0.0
FOUR_V_ONE_LOG,Game 71,5,1,0,1,0.0,1.0,1.0,1.0
FOUR_V_ONE_LOG,Game 72,5,1,0,2,0.0,0.0,5.0,0.0
FOUR_V_ONE_LOG,Game 73,5,1,0,1,0.0,0.0,3.0,0.0
FOUR_V_ONE_LOG,Game 74,5,1,0,0,0.0,0.0,2.0,1.0
FOUR_V_ONE_LOG,Game 75,5,1,0,2,0.0,0.0,4.0,1.0
FOUR_V_ONE_LOG,Game 76,5,1,0,2,0.0,1.0,3.0,0.0
FOUR_V_ONE_LOG,Game 77,5,1,0,2,0.0,0.0,5.0,0.0
FOUR_V_ONE_LOG,Game 78,5,1,0,0,0.0,0.0,3.0,0.0
FOUR_V_ONE_LOG,Game 79,5,1,1,2,0.0,0.0,4.0,1.0
FOUR_V_ONE_LOG,Game 80,5,1,0,1,0.0,1.0,3.0,0.0
FOUR_V_ONE_LOG,Game 81,5,1,1,1,0.0,0.0,4.0,1.0
FOUR_V_ONE_LOG,Game 82,5,1,0,1,0.0,0.0,4.0,1.0
FOUR_V_ONE_LOG,Game 83,5,1,1,1,0.0,0.0,3.0,0.0
FOUR_V_ONE_LOG,Game 84,5,1,0,2,0.0,0.0,5.0,0.0
FOUR_V_ONE_LOG,Game 85,5,1,0,2,0.0,0.0,4.0,1.0
FOUR_V_ONE_LOG,Game 86,5,1,0,1,0.0,0.0,3.0,0.0
FOUR_V_ONE_LOG,Game 87,5,1,0,0,0.0,0.0,2.0,1.0
FOUR_V_ONE_LOG,Game 88,5,1,1,1,0.0,0.0,3.0,0.0
FOUR_V_ONE_LOG,Game 89,5,1,0,2,0.0,0.0,4.0,1.0
FOUR_V_ONE_LOG,Game 90,5,1,0,1,0.0,0.0,3.0,1.0
FOUR_V_ONE_LOG,Game 91,5,1,0,0,0.0,0.0,2.0,1.0
FOUR_V_ONE_LOG,Game 92,5,1,1,2,0.0,0.0,5.0,0.0
FOUR_V_ONE_LOG,Game 93,5,1,1,2,0.0,0.0,7.0,0.0
FOUR_V_ONE_LOG,Game 94,5,1,0,1,0.0,0.0,4.0,1.0
FOUR_V_ONE_LOG,Game 95,5,1,0,0,0.0,0.0,3.0,0.0
FOUR_V_ONE_LOG,Game 96,5,1,0,1,0.0,0.0,3.0,0.0
FOUR_V_ONE_LOG,Game 97,5,1,0,3,0.0,0.0,6.0,1.0
FOUR_V_ONE_LOG,Game 98,5,1,0,1,0.0,0.0,3.0,0.0
FOUR_V_ONE_LOG,Game 99,5,1,0,1,0.0,0.0,5.0,0.0
FOUR_V_ONE_LOG,Game 100,5,1,1,1,0.0,0.0,3.0,0.0
FIVE_V_THREE_LOG,Game 1,8,3,0,0,0.0,0.0,0.0,0.0
FIVE_V_THREE_LOG,Game 2,8,3,0,1,0.0,1.0,7.0,1.0
FIVE_V_THREE_LOG,Game 3,8,3,0,2,0.0,1.0,13.0,3.0
FIVE_V_THREE_LOG,Game 4,8,3,0,0,0.0,0.0,0.0,0.0
FIVE_V_THREE_LOG,Game 5,8,3,0,1,0.0,0.0,8.0,1.0
FIVE_V_THREE_LOG,Game 6,8,3,0,1,0.0,0.0,13.0,1.0
FIVE_V_THREE_LOG,Game 7,8,3,0,2,2.0,0.0,15.0,0.0
FIVE_V_THREE_LOG,Game 8,8,3,0,0,0.0,0.0,0.0,0.0
FIVE_V_THREE_LOG,Game 9,8,3,0,1,0.0,0.0,9.0,0.0
FIVE_V_THREE_LOG,Game 10,8,3,0,0,0.0,0.0,0.0,0.0
FIVE_V_THREE_LOG,Game 11,8,3,0,2,0.0,0.0,12.0,0.0
FIVE_V_THREE_LOG,Game 12,8,3,0,0,0.0,0.0,0.0,0.0
FIVE_V_THREE_LOG,Game 13,8,3,0,2,0.0,0.0,12.0,1.0
FIVE_V_THREE_LOG,Game 14,8,3,0,1,0.0,0.0,9.0,0.0
FIVE_V_THREE_LOG,Game 15,8,3,0,0,0.0,0.0,0.0,0.0
FIVE_V_THREE_LOG,Game 16,8,3,0,0,2.0,0.0,8.0,2.0
FIVE_V_THREE_LOG,Game 17,8,3,0,3,0.0,0.0,16.0,1.0
FIVE_V_THREE_LOG,Game 18,8,3,0,0,0.0,0.0,0.0,0.0
FIVE_V_THREE_LOG,Game 19,8,3,0,1,0.0,0.0,9.0,0.0
FIVE_V_THREE_LOG,Game 20,8,3,0,3,0.0,0.0,17.0,1.0
FIVE_V_THREE_LOG,Game 21,8,3,0,1,0.0,0.0,9.0,0.0
FIVE_V_THREE_LOG,Game 22,8,3,0,1,0.0,0.0,8.0,1.0
FIVE_V_THREE_LOG,Game 23,8,3,0,0,0.0,0.0,0.0,0.0
FIVE_V_THREE_LOG,Game 24,8,3,0,4,1.0,0.0,22.0,1.0
FIVE_V_THREE_LOG,Game 25,8,3,0,0,0.0,0.0,8.0,0.0
FIVE_V_THREE_LOG,Game 26,8,3,0,3,0.0,1.0,13.0,5.0
FIVE_V_THREE_LOG,Game 27,8,3,0,1,1.0,0.0,7.0,1.0
FIVE_V_THREE_LOG,Game 28,8,3,0,1,0.0,0.0,9.0,0.0
FIVE_V_THREE_LOG,Game 29,8,3,0,1,0.0,0.0,9.0,0.0
FIVE_V_THREE_LOG,Game 30,8,3,0,0,0.0,0.0,0.0,0.0
FIVE_V_THREE_LOG,Game 31,8,3,0,0,0.0,0.0,0.0,0.0
FIVE_V_THREE_LOG,Game 32,8,3,0,0,0.0,0.0,8.0,1.0
FIVE_V_THREE_LOG,Game 33,8,3,0,2,0.0,1.0,10.0,2.0
FIVE_V_THREE_LOG,Game 34,8,3,0,0,0.0,0.0,0.0,0.0
FIVE_V_THREE_LOG,Game 35,8,3,0,1,0.0,0.0,8.0,1.0
FIVE_V_THREE_LOG,Game 36,8,3,0,1,0.0,2.0,14.0,0.0
FIVE_V_THREE_LOG,Game 37,8,3,0,0,0.0,0.0,0.0,0.0
FIVE_V_THREE_LOG,Game 38,8,3,0,1,0.0,0.0,9.0,0.0
FIVE_V_THREE_LOG,Game 39,8,3,0,2,0.0,0.0,13.0,0.0
FIVE_V_THREE_LOG,Game 40,8,3,0,0,0.0,0.0,9.0,0.0
FIVE_V_THREE_LOG,Game 41,8,3,0,1,0.0,0.0,10.0,2.0
FIVE_V_THREE_LOG,Game 42,8,3,0,1,0.0,0.0,7.0,2.0
FIVE_V_THREE_LOG,Game 43,8,3,0,0,0.0,0.0,0.0,0.0
FIVE_V_THREE_LOG,Game 44,8,3,0,1,0.0,0.0,13.0,0.0
FIVE_V_THREE_LOG,Game 45,8,3,0,0,0.0,0.0,0.0,0.0
FIVE_V_THREE_LOG,Game 46,8,3,0,1,0.0,0.0,9.0,0.0
FIVE_V_THREE_LOG,Game 47,8,3,0,2,0.0,0.0,15.0,0.0
FIVE_V_THREE_LOG,Game 48,8,3,0,1,0.0,0.0,8.0,1.0
FIVE_V_THREE_LOG,Game 49,8,3,0,1,0.0,0.0,8.0,1.0
FIVE_V_THREE_LOG,Game 50,8,3,0,1,0.0,0.0,8.0,1.0
FIVE_V_THREE_LOG,Game 51,8,3,0,2,0.0,0.0,14.0,1.0
FIVE_V_THREE_LOG,Game 52,8,3,0,1,0.0,0.0,8.0,1.0
FIVE_V_THREE_LOG,Game 53,8,3,0,4,0.0,0.0,17.0,0.0
FIVE_V_THREE_LOG,Game 54,8,3,0,2,0.0,0.0,12.0,1.0
FIVE_V_THREE_LOG,Game 55,8,3,0,1,0.0,0.0,8.0,0.0
FIVE_V_THREE_LOG,Game 56,8,3,0,0,0.0,0.0,9.0,0.0
FIVE_V_THREE_LOG,Game 57,8,3,0,0,0.0,0.0,0.0,0.0
FIVE_V_THREE_LOG,Game 58,8,3,0,0,0.0,0.0,9.0,0.0
FIVE_V_THREE_LOG,Game 59,8,3,0,0,0.0,0.0,9.0,0.0
FIVE_V_THREE_LOG,Game 60,8,3,0,1,0.0,0.0,7.0,2.0
FIVE_V_THREE_LOG,Game 61,8,3,0,1,0.0,2.0,11.0,2.0
FIVE_V_THREE_LOG,Game 62,8,3,0,1,0.0,0.0,8.0,1.0
FIVE_V_THREE_LOG,Game 63,8,3,0,1,0.0,0.0,9.0,0.0
FIVE_V_THREE_LOG,Game 64,8,3,1,3,0.0,0.0,15.0,3.0
FIVE_V_THREE_LOG,Game 65,8,3,0,2,0.0,0.0,13.0,0.0
FIVE_V_THREE_LOG,Game 66,8,3,0,0,0.0,0.0,0.0,0.0
FIVE_V_THREE_LOG,Game 67,8,3,0,1,0.0,0.0,13.0,2.0
FIVE_V_THREE_LOG,Game 68,8,3,0,1,0.0,0.0,8.0,0.0
FIVE_V_THREE_LOG,Game 69,8,3,0,0,0.0,0.0,0.0,0.0
FIVE_V_THREE_LOG,Game 70,8,3,0,2,0.0,0.0,15.0,0.0
FIVE_V_THREE_LOG,Game 71,8,3,0,1,1.0,0.0,8.0,0.0
FIVE_V_THREE_LOG,Game 72,8,3,0,0,0.0,0.0,0.0,0.0
FIVE_V_THREE_LOG,Game 73,8,3,0,2,0.0,0.0,12.0,0.0
FIVE_V_THREE_LOG,Game 74,8,3,1,3,0.0,0.0,17.0,2.0
FIVE_V_THREE_LOG,Game 75,8,3,1,4,0.0,0.0,17.0,0.0
FIVE_V_THREE_LOG,Game 76,8,3,0,1,0.0,0.0,9.0,0.0
FIVE_V_THREE_LOG,Game 77,8,3,0,1,0.0,0.0,9.0,0.0
FIVE_V_THREE_LOG,Game 78,8,3,0,2,0.0,0.0,14.0,0.0
FIVE_V_THREE_LOG,Game 79,8,3,1,2,0.0,0.0,14.0,1.0
FIVE_V_THREE_LOG,Game 80,8,3,0,0,0.0,0.0,8.0,0.0
FIVE_V_THREE_LOG,Game 81,8,3,0,2,0.0,0.0,13.0,0.0
FIVE_V_THREE_LOG,Game 82,8,3,0,1,0.0,0.0,13.0,0.0
FIVE_V_THREE_LOG,Game 83,8,3,0,2,0.0,0.0,11.0,2.0
FIVE_V_THREE_LOG,Game 84,8,3,0,1,0.0,1.0,5.0,2.0
FIVE_V_THREE_LOG,Game 85,8,3,0,1,0.0,0.0,13.0,2.0
FIVE_V_THREE_LOG,Game 86,8,3,0,0,0.0,0.0,7.0,2.0
FIVE_V_THREE_LOG,Game 87,8,3,0,1,0.0,1.0,10.0,1.0
FIVE_V_THREE_LOG,Game 88,8,3,1,3,0.0,0.0,16.0,0.0
FIVE_V_THREE_LOG,Game 89,8,3,0,1,0.0,0.0,9.0,0.0
FIVE_V_THREE_LOG,Game 90,8,3,0,2,0.0,0.0,13.0,0.0
FIVE_V_THREE_LOG,Game 91,8,3,0,0,0.0,0.0,0.0,0.0
FIVE_V_THREE_LOG,Game 92,8,3,0,2,1.0,0.0,10.0,1.0
FIVE_V_THREE_LOG,Game 93,8,3,0,2,0.0,1.0,11.0,0.0
FIVE_V_THREE_LOG,Game 94,8,3,0,3,0.0,0.0,15.0,1.0
FIVE_V_THREE_LOG,Game 95,8,3,0,1,0.0,0.0,8.0,1.0
FIVE_V_THREE_LOG,Game 96,8,3,0,1,0.0,0.0,9.0,0.0
FIVE_V_THREE_LOG,Game 97,8,3,0,2,0.0,0.0,15.0,0.0
FIVE_V_THREE_LOG,Game 98,8,3,0,1,0.0,0.0,13.0,0.0
FIVE_V_THREE_LOG,Game 99,8,3,0,1,0.0,0.0,9.0,0.0
FIVE_V_THREE_LOG,Game 100,8,3,0,1,0.0,2.0,11.0,1.0
FIVE_V_ONE_LOG,Game 1,6,1,0,3,0.0,0.0,0.0,0.0
FIVE_V_ONE_LOG,Game 2,6,1,1,1,0.0,0.0,0.0,0.0
FIVE_V_ONE_LOG,Game 3,6,1,1,1,0.0,0.0,0.0,0.0
FIVE_V_ONE_LOG,Game 4,6,1,0,2,0.0,0.0,0.0,0.0
FIVE_V_ONE_LOG,Game 5,6,1,0,1,0.0,0.0,0.0,0.0
FIVE_V_ONE_LOG,Game 6,6,1,0,1,0.0,0.0,0.0,0.0
FIVE_V_ONE_LOG,Game 7,6,1,1,1,0.0,0.0,0.0,0.0
FIVE_V_ONE_LOG,Game 8,6,1,0,1,0.0,0.0,0.0,0.0
FIVE_V_ONE_LOG,Game 9,6,1,0,0,0.0,0.0,0.0,0.0
FIVE_V_ONE_LOG,Game 10,6,1,1,1,0.0,0.0,0.0,0.0
FIVE_V_ONE_LOG,Game 11,6,1,0,0,0.0,0.0,0.0,0.0
FIVE_V_ONE_LOG,Game 12,6,1,1,2,0.0,0.0,0.0,0.0
FIVE_V_ONE_LOG,Game 13,6,1,1,3,0.0,0.0,0.0,0.0
FIVE_V_ONE_LOG,Game 14,6,1,0,1,0.0,0.0,0.0,0.0
FIVE_V_ONE_LOG,Game 15,6,1,0,1,0.0,0.0,0.0,0.0
FIVE_V_ONE_LOG,Game 16,6,1,1,0,0.0,0.0,0.0,0.0
FIVE_V_ONE_LOG,Game 17,6,1,1,1,0.0,0.0,0.0,0.0
FIVE_V_ONE_LOG,Game 18,6,1,0,3,0.0,0.0,0.0,0.0
FIVE_V_ONE_LOG,Game 19,6,1,0,0,0.0,0.0,0.0,0.0
FIVE_V_ONE_LOG,Game 20,6,1,0,3,0.0,0.0,0.0,0.0
FIVE_V_ONE_LOG,Game 21,6,1,0,1,0.0,0.0,0.0,0.0
FIVE_V_ONE_LOG,Game 22,6,1,0,2,0.0,0.0,0.0,0.0
FIVE_V_ONE_LOG,Game 23,6,1,0,1,0.0,0.0,0.0,0.0
FIVE_V_ONE_LOG,Game 24,6,1,0,3,0.0,0.0,0.0,0.0
FIVE_V_ONE_LOG,Game 25,6,1,1,1,0.0,0.0,0.0,0.0
FIVE_V_ONE_LOG,Game 26,6,1,1,1,0.0,0.0,0.0,0.0
FIVE_V_ONE_LOG,Game 27,6,1,0,2,0.0,0.0,0.0,0.0
FIVE_V_ONE_LOG,Game 28,6,1,0,2,0.0,0.0,0.0,0.0
FIVE_V_ONE_LOG,Game 29,6,1,1,2,0.0,0.0,0.0,0.0
FIVE_V_ONE_LOG,Game 30,6,1,1,1,0.0,0.0,0.0,0.0
FIVE_V_ONE_LOG,Game 31,6,1,1,2,0.0,0.0,0.0,0.0
FIVE_V_ONE_LOG,Game 32,6,1,1,1,0.0,0.0,0.0,0.0
FIVE_V_ONE_LOG,Game 33,6,1,1,0,0.0,0.0,0.0,0.0
FIVE_V_ONE_LOG,Game 34,6,1,0,2,0.0,0.0,0.0,0.0
FIVE_V_ONE_LOG,Game 35,6,1,0,1,0.0,0.0,0.0,0.0
FIVE_V_ONE_LOG,Game 36,6,1,1,2,0.0,0.0,0.0,0.0
FIVE_V_ONE_LOG,Game 37,6,1,1,2,0.0,0.0,0.0,0.0
FIVE_V_ONE_LOG,Game 38,6,1,1,0,0.0,0.0,0.0,0.0
FIVE_V_ONE_LOG,Game 39,6,1,1,2,0.0,0.0,0.0,0.0
FIVE_V_ONE_LOG,Game 40,6,1,0,1,0.0,0.0,0.0,0.0
FIVE_V_ONE_LOG,Game 41,6,1,0,1,0.0,0.0,0.0,0.0
FIVE_V_ONE_LOG,Game 42,6,1,1,2,0.0,0.0,0.0,0.0
FIVE_V_ONE_LOG,Game 43,6,1,0,2,0.0,0.0,0.0,0.0
FIVE_V_ONE_LOG,Game 44,6,1,0,1,0.0,0.0,0.0,0.0
FIVE_V_ONE_LOG,Game 45,6,1,0,1,0.0,0.0,0.0,0.0
FIVE_V_ONE_LOG,Game 46,6,1,0,2,0.0,0.0,0.0,0.0
FIVE_V_ONE_LOG,Game 47,6,1,0,2,0.0,0.0,0.0,0.0
FIVE_V_ONE_LOG,Game 48,6,1,0,2,0.0,0.0,0.0,0.0
FIVE_V_ONE_LOG,Game 49,6,1,0,2,0.0,0.0,0.0,0.0
FIVE_V_ONE_LOG,Game 50,6,1,0,1,0.0,0.0,0.0,0.0
FIVE_V_ONE_LOG,Game 51,6,1,0,0,0.0,0.0,0.0,0.0
FIVE_V_ONE_LOG,Game 52,6,1,0,1,0.0,0.0,0.0,0.0
FIVE_V_ONE_LOG,Game 53,6,1,1,2,0.0,0.0,0.0,0.0
FIVE_V_ONE_LOG,Game 54,6,1,0,2,0.0,0.0,0.0,0.0
FIVE_V_ONE_LOG,Game 55,6,1,0,2,0.0,0.0,0.0,0.0
FIVE_V_ONE_LOG,Game 56,6,1,0,1,0.0,0.0,0.0,0.0
FIVE_V_ONE_LOG,Game 57,6,1,0,0,0.0,0.0,0.0,0.0
FIVE_V_ONE_LOG,Game 58,6,1,0,0,0.0,0.0,0.0,0.0
FIVE_V_ONE_LOG,Game 59,6,1,1,1,0.0,0.0,0.0,0.0
FIVE_V_ONE_LOG,Game 60,6,1,0,1,0.0,0.0,0.0,0.0
FIVE_V_ONE_LOG,Game 61,6,1,1,2,0.0,0.0,0.0,0.0
FIVE_V_ONE_LOG,Game 62,6,1,0,2,0.0,0.0,0.0,0.0
FIVE_V_ONE_LOG,Game 63,6,1,1,1,0.0,0.0,0.0,0.0
FIVE_V_ONE_LOG,Game 64,6,1,0,2,0.0,0.0,0.0,0.0
FIVE_V_ONE_LOG,Game 65,6,1,0,1,0.0,0.0,0.0,0.0
FIVE_V_ONE_LOG,Game 66,6,1,1,2,0.0,0.0,0.0,0.0
FIVE_V_ONE_LOG,Game 67,6,1,1,2,0.0,0.0,0.0,0.0
FIVE_V_ONE_LOG,Game 68,6,1,0,2,0.0,0.0,0.0,0.0
FIVE_V_ONE_LOG,Game 69,6,1,1,1,0.0,0.0,0.0,0.0
FIVE_V_ONE_LOG,Game 70,6,1,1,3,0.0,0.0,0.0,0.0
FIVE_V_ONE_LOG,Game 71,6,1,0,1,0.0,0.0,0.0,0.0
FIVE_V_ONE_LOG,Game 72,6,1,1,1,0.0,0.0,0.0,0.0
FIVE_V_ONE_LOG,Game 73,6,1,0,2,0.0,0.0,0.0,0.0
FIVE_V_ONE_LOG,Game 74,6,1,1,2,0.0,0.0,0.0,0.0
FIVE_V_ONE_LOG,Game 75,6,1,0,2,0.0,0.0,0.0,0.0
FIVE_V_ONE_LOG,Game 76,6,1,0,1,0.0,0.0,0.0,0.0
FIVE_V_ONE_LOG,Game 77,6,1,0,2,0.0,0.0,0.0,0.0
FIVE_V_ONE_LOG,Game 78,6,1,1,1,0.0,0.0,0.0,0.0
FIVE_V_ONE_LOG,Game 79,6,1,0,2,0.0,0.0,0.0,0.0
FIVE_V_ONE_LOG,Game 80,6,1,0,2,0.0,0.0,0.0,0.0
FIVE_V_ONE_LOG,Game 81,6,1,1,2,0.0,0.0,0.0,0.0
FIVE_V_ONE_LOG,Game 82,6,1,1,3,0.0,0.0,0.0,0.0
FIVE_V_ONE_LOG,Game 83,6,1,0,2,0.0,0.0,0.0,0.0
FIVE_V_ONE_LOG,Game 84,6,1,1,2,0.0,0.0,0.0,0.0
FIVE_V_ONE_LOG,Game 85,6,1,1,1,0.0,0.0,0.0,0.0
FIVE_V_ONE_LOG,Game 86,6,1,0,0,0.0,0.0,0.0,0.0
FIVE_V_ONE_LOG,Game 87,6,1,0,3,0.0,0.0,0.0,0.0
FIVE_V_ONE_LOG,Game 88,6,1,0,1,0.0,0.0,0.0,0.0
FIVE_V_ONE_LOG,Game 89,6,1,1,1,0.0,0.0,0.0,0.0
FIVE_V_ONE_LOG,Game 90,6,1,1,1,0.0,0.0,0.0,0.0
FIVE_V_ONE_LOG,Game 91,6,1,0,4,0.0,0.0,0.0,0.0
FIVE_V_ONE_LOG,Game 92,6,1,0,2,0.0,0.0,0.0,0.0
FIVE_V_ONE_LOG,Game 93,6,1,0,0,0.0,0.0,0.0,0.0
FIVE_V_ONE_LOG,Game 94,6,1,0,2,0.0,0.0,0.0,0.0
FIVE_V_ONE_LOG,Game 95,6,1,0,1,0.0,0.0,0.0,0.0
FIVE_V_ONE_LOG,Game 96,6,1,0,2,0.0,0.0,0.0,0.0
FIVE_V_ONE_LOG,Game 97,6,1,0,1,0.0,0.0,0.0,0.0
FIVE_V_ONE_LOG,Game 98,6,1,0,3,0.0,0.0,0.0,0.0
FIVE_V_ONE_LOG,Game 99,6,1,0,2,0.0,0.0,0.0,0.0
FIVE_V_ONE_LOG,Game 100,6,1,1,0,0.0,0.0,0.0,0.0
THREE_V_ONE_LOG,Game 1,4,1,1,1,0.0,0.0,3.0,0.0
THREE_V_ONE_LOG,Game 2,4,1,0,1,0.0,0.0,5.0,0.0
THREE_V_ONE_LOG,Game 3,4,1,1,1,0.0,0.0,3.0,0.0
THREE_V_ONE_LOG,Game 4,4,1,0,1,0.0,0.0,3.0,0.0
THREE_V_ONE_LOG,Game 5,4,1,0,1,0.0,0.0,5.0,0.0
THREE_V_ONE_LOG,Game 6,4,1,0,1,0.0,0.0,3.0,0.0
THREE_V_ONE_LOG,Game 7,4,1,1,1,0.0,0.0,5.0,0.0
THREE_V_ONE_LOG,Game 8,4,1,0,0,0.0,0.0,3.0,0.0
THREE_V_ONE_LOG,Game 9,4,1,0,1,0.0,0.0,5.0,0.0
THREE_V_ONE_LOG,Game 10,4,1,0,1,0.0,0.0,3.0,0.0
THREE_V_ONE_LOG,Game 11,4,1,1,0,0.0,0.0,3.0,0.0
THREE_V_ONE_LOG,Game 12,4,1,1,1,0.0,0.0,2.0,1.0
THREE_V_ONE_LOG,Game 13,4,1,1,1,0.0,0.0,3.0,0.0
THREE_V_ONE_LOG,Game 14,4,1,0,0,0.0,0.0,2.0,0.0
THREE_V_ONE_LOG,Game 15,4,1,1,1,0.0,0.0,3.0,0.0
THREE_V_ONE_LOG,Game 16,4,1,0,0,0.0,0.0,3.0,0.0
THREE_V_ONE_LOG,Game 17,4,1,1,1,0.0,0.0,3.0,0.0
THREE_V_ONE_LOG,Game 18,4,1,0,0,0.0,0.0,0.0,0.0
THREE_V_ONE_LOG,Game 19,4,1,0,1,0.0,0.0,3.0,0.0
THREE_V_ONE_LOG,Game 20,4,1,0,1,0.0,0.0,3.0,0.0
THREE_V_ONE_LOG,Game 21,4,1,0,0,0.0,0.0,0.0,0.0
THREE_V_ONE_LOG,Game 22,4,1,0,0,0.0,0.0,3.0,0.0
THREE_V_ONE_LOG,Game 23,4,1,1,0,0.0,0.0,3.0,0.0
THREE_V_ONE_LOG,Game 24,4,1,0,0,0.0,0.0,3.0,0.0
THREE_V_ONE_LOG,Game 25,4,1,0,1,0.0,0.0,5.0,0.0
THREE_V_ONE_LOG,Game 26,4,1,0,1,0.0,0.0,5.0,0.0
THREE_V_ONE_LOG,Game 27,4,1,1,2,0.0,0.0,4.0,0.0
THREE_V_ONE_LOG,Game 28,4,1,1,0,0.0,0.0,4.0,1.0
THREE_V_ONE_LOG,Game 29,4,1,0,1,0.0,0.0,3.0,0.0
THREE_V_ONE_LOG,Game 30,4,1,1,1,0.0,0.0,2.0,0.0
THREE_V_ONE_LOG,Game 31,4,1,0,0,0.0,0.0,3.0,0.0
THREE_V_ONE_LOG,Game 32,4,1,0,0,0.0,0.0,3.0,0.0
THREE_V_ONE_LOG,Game 33,4,1,0,2,0.0,0.0,5.0,0.0
THREE_V_ONE_LOG,Game 34,4,1,0,0,0.0,0.0,0.0,0.0
THREE_V_ONE_LOG,Game 35,4,1,1,1,0.0,0.0,5.0,0.0
THREE_V_ONE_LOG,Game 36,4,1,0,1,0.0,0.0,2.0,0.0
THREE_V_ONE_LOG,Game 37,4,1,0,1,0.0,0.0,3.0,0.0
THREE_V_ONE_LOG,Game 38,4,1,1,2,0.0,0.0,5.0,0.0
THREE_V_ONE_LOG,Game 39,4,1,1,2,0.0,0.0,5.0,0.0
THREE_V_ONE_LOG,Game 40,4,1,1,1,0.0,0.0,3.0,0.0
THREE_V_ONE_LOG,Game 41,4,1,0,0,0.0,0.0,5.0,0.0
THREE_V_ONE_LOG,Game 42,4,1,0,1,0.0,0.0,1.0,1.0
THREE_V_ONE_LOG,Game 43,4,1,0,1,0.0,0.0,3.0,0.0
THREE_V_ONE_LOG,Game 44,4,1,0,1,0.0,0.0,2.0,0.0
THREE_V_ONE_LOG,Game 45,4,1,0,1,0.0,0.0,4.0,0.0
THREE_V_ONE_LOG,Game 46,4,1,0,1,0.0,0.0,4.0,0.0
THREE_V_ONE_LOG,Game 47,4,1,0,0,0.0,0.0,3.0,0.0
THREE_V_ONE_LOG,Game 48,4,1,0,1,0.0,0.0,1.0,1.0
THREE_V_ONE_LOG,Game 49,4,1,0,1,0.0,0.0,2.0,1.0
THREE_V_ONE_LOG,Game 50,4,1,1,1,0.0,0.0,3.0,0.0
THREE_V_ONE_LOG,Game 51,4,1,0,1,0.0,0.0,3.0,0.0
THREE_V_ONE_LOG,Game 52,4,1,0,1,0.0,0.0,2.0,0.0
THREE_V_ONE_LOG,Game 53,4,1,0,1,0.0,1.0,4.0,0.0
THREE_V_ONE_LOG,Game 54,4,1,0,1,0.0,0.0,2.0,0.0
THREE_V_ONE_LOG,Game 55,4,1,0,1,0.0,0.0,5.0,0.0
THREE_V_ONE_LOG,Game 56,4,1,1,0,0.0,0.0,3.0,0.0
THREE_V_ONE_LOG,Game 57,4,1,0,0,0.0,0.0,0.0,0.0
THREE_V_ONE_LOG,Game 58,4,1,0,0,0.0,0.0,0.0,0.0
THREE_V_ONE_LOG,Game 59,4,1,0,1,0.0,0.0,3.0,0.0
THREE_V_ONE_LOG,Game 60,4,1,0,1,0.0,0.0,5.0,0.0
THREE_V_ONE_LOG,Game 61,4,1,0,1,0.0,1.0,2.0,0.0
THREE_V_ONE_LOG,Game 62,4,1,0,0,0.0,0.0,2.0,1.0
THREE_V_ONE_LOG,Game 63,4,1,0,0,0.0,0.0,3.0,0.0
THREE_V_ONE_LOG,Game 64,4,1,0,1,0.0,0.0,3.0,0.0
THREE_V_ONE_LOG,Game 65,4,1,1,1,0.0,0.0,3.0,0.0
THREE_V_ONE_LOG,Game 66,4,1,0,0,0.0,0.0,0.0,0.0
THREE_V_ONE_LOG,Game 67,4,1,0,0,0.0,0.0,0.0,0.0
THREE_V_ONE_LOG,Game 68,4,1,0,0,0.0,0.0,2.0,3.0
THREE_V_ONE_LOG,Game 69,4,1,0,1,0.0,0.0,4.0,1.0
THREE_V_ONE_LOG,Game 70,4,1,0,1,0.0,0.0,3.0,0.0
THREE_V_ONE_LOG,Game 71,4,1,1,1,0.0,0.0,3.0,0.0
THREE_V_ONE_LOG,Game 72,4,1,0,1,0.0,0.0,3.0,0.0
THREE_V_ONE_LOG,Game 73,4,1,0,0,0.0,0.0,3.0,0.0
THREE_V_ONE_LOG,Game 74,4,1,0,2,1.0,0.0,3.0,0.0
THREE_V_ONE_LOG,Game 75,4,1,0,2,0.0,0.0,5.0,0.0
THREE_V_ONE_LOG,Game 76,4,1,0,0,0.0,0.0,3.0,0.0
THREE_V_ONE_LOG,Game 77,4,1,0,1,0.0,0.0,3.0,0.0
THREE_V_ONE_LOG,Game 78,4,1,0,0,0.0,0.0,3.0,0.0
THREE_V_ONE_LOG,Game 79,4,1,0,0,0.0,0.0,0.0,0.0
THREE_V_ONE_LOG,Game 80,4,1,0,1,0.0,0.0,2.0,1.0
THREE_V_ONE_LOG,Game 81,4,1,0,0,0.0,0.0,0.0,0.0
THREE_V_ONE_LOG,Game 82,4,1,0,1,0.0,0.0,2.0,1.0
THREE_V_ONE_LOG,Game 83,4,1,0,1,1.0,0.0,1.0,0.0
THREE_V_ONE_LOG,Game 84,4,1,0,0,0.0,0.0,0.0,0.0
THREE_V_ONE_LOG,Game 85,4,1,0,0,0.0,0.0,2.0,1.0
THREE_V_ONE_LOG,Game 86,4,1,0,0,0.0,1.0,2.0,0.0
THREE_V_ONE_LOG,Game 87,4,1,0,0,0.0,0.0,0.0,0.0
THREE_V_ONE_LOG,Game 88,4,1,0,0,0.0,0.0,0.0,0.0
THREE_V_ONE_LOG,Game 89,4,1,1,1,0.0,0.0,3.0,0.0
THREE_V_ONE_LOG,Game 90,4,1,0,1,0.0,0.0,4.0,1.0
THREE_V_ONE_LOG,Game 91,4,1,0,0,0.0,0.0,0.0,0.0
THREE_V_ONE_LOG,Game 92,4,1,0,1,0.0,0.0,2.0,0.0
THREE_V_ONE_LOG,Game 93,4,1,0,1,0.0,0.0,3.0,0.0
THREE_V_ONE_LOG,Game 94,4,1,0,0,0.0,0.0,0.0,0.0
THREE_V_ONE_LOG,Game 95,4,1,0,2,0.0,2.0,3.0,0.0
THREE_V_ONE_LOG,Game 96,4,1,0,0,0.0,0.0,0.0,0.0
THREE_V_ONE_LOG,Game 97,4,1,0,0,0.0,0.0,0.0,0.0
THREE_V_ONE_LOG,Game 98,4,1,0,0,0.0,0.0,0.0,0.0
THREE_V_ONE_LOG,Game 99,4,1,0,1,0.0,0.0,3.0,0.0
THREE_V_ONE_LOG,Game 100,4,1,0,1,0.0,0.0,2.0,0.0
SIX_V_TWO_LOG,Game 1,8,2,0,1,0.0,0.0,12.0,0.0
SIX_V_TWO_LOG,Game 2,8,2,0,3,0.0,0.0,8.0,2.0
SIX_V_TWO_LOG,Game 3,8,2,0,2,0.0,0.0,8.0,1.0
SIX_V_TWO_LOG,Game 4,8,2,1,3,0.0,0.0,15.0,0.0
SIX_V_TWO_LOG,Game 5,8,2,0,1,0.0,0.0,5.0,1.0
SIX_V_TWO_LOG,Game 6,8,2,0,0,0.0,0.0,0.0,0.0
SIX_V_TWO_LOG,Game 7,8,2,0,3,0.0,0.0,12.0,1.0
SIX_V_TWO_LOG,Game 8,8,2,0,3,0.0,0.0,14.0,0.0
SIX_V_TWO_LOG,Game 9,8,2,0,2,0.0,1.0,8.0,1.0
SIX_V_TWO_LOG,Game 10,8,2,0,2,0.0,0.0,13.0,0.0
SIX_V_TWO_LOG,Game 11,8,2,0,2,0.0,0.0,9.0,0.0
SIX_V_TWO_LOG,Game 12,8,2,0,1,0.0,1.0,13.0,0.0
SIX_V_TWO_LOG,Game 13,8,2,0,4,0.0,0.0,13.0,2.0
SIX_V_TWO_LOG,Game 14,8,2,0,2,0.0,0.0,13.0,1.0
SIX_V_TWO_LOG,Game 15,8,2,0,5,0.0,0.0,13.0,1.0
SIX_V_TWO_LOG,Game 16,8,2,0,2,0.0,0.0,14.0,0.0
SIX_V_TWO_LOG,Game 17,8,2,1,2,0.0,0.0,8.0,0.0
SIX_V_TWO_LOG,Game 18,8,2,0,1,0.0,0.0,9.0,1.0
SIX_V_TWO_LOG,Game 19,8,2,0,2,0.0,0.0,9.0,0.0
SIX_V_TWO_LOG,Game 20,8,2,1,2,0.0,0.0,7.0,0.0
SIX_V_TWO_LOG,Game 21,8,2,0,1,0.0,0.0,5.0,1.0
SIX_V_TWO_LOG,Game 22,8,2,0,1,0.0,3.0,9.0,0.0
SIX_V_TWO_LOG,Game 23,8,2,0,1,0.0,1.0,5.0,1.0
SIX_V_TWO_LOG,Game 24,8,2,0,2,0.0,0.0,10.0,0.0
SIX_V_TWO_LOG,Game 25,8,2,0,2,0.0,1.0,14.0,2.0
SIX_V_TWO_LOG,Game 26,8,2,0,1,0.0,0.0,7.0,3.0
SIX_V_TWO_LOG,Game 27,8,2,0,1,0.0,0.0,14.0,1.0
SIX_V_TWO_LOG,Game 28,8,2,0,2,0.0,0.0,10.0,0.0
SIX_V_TWO_LOG,Game 29,8,2,0,3,0.0,0.0,14.0,0.0
SIX_V_TWO_LOG,Game 30,8,2,0,0,0.0,0.0,5.0,1.0
SIX_V_TWO_LOG,Game 31,8,2,1,3,0.0,0.0,13.0,1.0
SIX_V_TWO_LOG,Game 32,8,2,0,4,0.0,0.0,9.0,2.0
SIX_V_TWO_LOG,Game 33,8,2,0,1,0.0,0.0,7.0,0.0
SIX_V_TWO_LOG,Game 34,8,2,0,2,0.0,3.0,7.0,1.0
SIX_V_TWO_LOG,Game 35,8,2,0,2,0.0,0.0,8.0,1.0
SIX_V_TWO_LOG,Game 36,8,2,0,3,0.0,1.0,8.0,1.0
SIX_V_TWO_LOG,Game 37,8,2,0,1,0.0,0.0,10.0,0.0
SIX_V_TWO_LOG,Game 38,8,2,0,2,0.0,0.0,11.0,1.0
SIX_V_TWO_LOG,Game 39,8,2,1,2,0.0,0.0,9.0,0.0
SIX_V_TWO_LOG,Game 40,8,2,0,1,0.0,0.0,9.0,1.0
SIX_V_TWO_LOG,Game 41,8,2,0,0,0.0,1.0,5.0,0.0
SIX_V_TWO_LOG,Game 42,8,2,1,2,0.0,0.0,13.0,1.0
SIX_V_TWO_LOG,Game 43,8,2,0,3,0.0,0.0,10.0,2.0
SIX_V_TWO_LOG,Game 44,8,2,0,2,0.0,1.0,8.0,0.0
SIX_V_TWO_LOG,Game 45,8,2,0,2,0.0,0.0,15.0,1.0
SIX_V_TWO_LOG,Game 46,8,2,1,3,1.0,0.0,10.0,1.0
SIX_V_TWO_LOG,Game 47,8,2,0,2,0.0,0.0,9.0,1.0
SIX_V_TWO_LOG,Game 48,8,2,0,7,0.0,0.0,22.0,2.0
SIX_V_TWO_LOG,Game 49,8,2,0,1,0.0,0.0,6.0,0.0
SIX_V_TWO_LOG,Game 50,8,2,0,2,0.0,0.0,10.0,0.0
SIX_V_TWO_LOG,Game 51,8,2,0,2,0.0,0.0,13.0,0.0
SIX_V_TWO_LOG,Game 52,8,2,0,0,0.0,1.0,9.0,0.0
SIX_V_TWO_LOG,Game 53,8,2,0,2,0.0,0.0,10.0,0.0
SIX_V_TWO_LOG,Game 54,8,2,1,1,0.0,0.0,5.0,1.0
SIX_V_TWO_LOG,Game 55,8,2,0,1,0.0,0.0,9.0,1.0
SIX_V_TWO_LOG,Game 56,8,2,0,1,0.0,0.0,5.0,1.0
SIX_V_TWO_LOG,Game 57,8,2,1,3,1.0,2.0,11.0,1.0
SIX_V_TWO_LOG,Game 58,8,2,1,3,0.0,0.0,18.0,1.0
SIX_V_TWO_LOG,Game 59,8,2,0,1,0.0,0.0,10.0,0.0
SIX_V_TWO_LOG,Game 60,8,2,1,3,0.0,0.0,10.0,0.0
SIX_V_TWO_LOG,Game 61,8,2,0,0,0.0,0.0,12.0,1.0
SIX_V_TWO_LOG,Game 62,8,2,0,2,0.0,0.0,9.0,1.0
SIX_V_TWO_LOG,Game 63,8,2,0,1,0.0,0.0,10.0,0.0
SIX_V_TWO_LOG,Game 64,8,2,0,1,0.0,0.0,6.0,0.0
SIX_V_TWO_LOG,Game 65,8,2,1,2,0.0,0.0,11.0,0.0
SIX_V_TWO_LOG,Game 66,8,2,1,3,0.0,0.0,12.0,0.0
SIX_V_TWO_LOG,Game 67,8,2,0,2,0.0,0.0,10.0,0.0
SIX_V_TWO_LOG,Game 68,8,2,0,1,0.0,0.0,5.0,0.0
SIX_V_TWO_LOG,Game 69,8,2,0,2,0.0,0.0,12.0,0.0
SIX_V_TWO_LOG,Game 70,8,2,1,2,0.0,0.0,7.0,1.0
SIX_V_TWO_LOG,Game 71,8,2,0,0,0.0,0.0,0.0,0.0
SIX_V_TWO_LOG,Game 72,8,2,0,5,1.0,0.0,12.0,0.0
SIX_V_TWO_LOG,Game 73,8,2,0,1,0.0,0.0,9.0,0.0
SIX_V_TWO_LOG,Game 74,8,2,0,2,0.0,1.0,8.0,0.0
SIX_V_TWO_LOG,Game 75,8,2,0,2,0.0,0.0,9.0,1.0
SIX_V_TWO_LOG,Game 76,8,2,0,2,0.0,0.0,9.0,1.0
SIX_V_TWO_LOG,Game 77,8,2,0,2,0.0,0.0,8.0,1.0
SIX_V_TWO_LOG,Game 78,8,2,1,5,0.0,0.0,13.0,2.0
SIX_V_TWO_LOG,Game 79,8,2,0,1,0.0,2.0,4.0,0.0
SIX_V_TWO_LOG,Game 80,8,2,0,1,0.0,1.0,4.0,0.0
SIX_V_TWO_LOG,Game 81,8,2,0,1,0.0,0.0,6.0,0.0
SIX_V_TWO_LOG,Game 82,8,2,1,3,0.0,1.0,9.0,1.0
SIX_V_TWO_LOG,Game 83,8,2,0,0,0.0,0.0,5.0,0.0
SIX_V_TWO_LOG,Game 84,8,2,0,2,0.0,0.0,9.0,1.0
SIX_V_TWO_LOG,Game 85,8,2,1,3,0.0,0.0,15.0,0.0
SIX_V_TWO_LOG,Game 86,8,2,0,1,0.0,0.0,6.0,0.0
SIX_V_TWO_LOG,Game 87,8,2,0,1,0.0,0.0,5.0,1.0
SIX_V_TWO_LOG,Game 88,8,2,0,0,0.0,1.0,5.0,0.0
SIX_V_TWO_LOG,Game 89,8,2,0,2,0.0,0.0,9.0,0.0
SIX_V_TWO_LOG,Game 90,8,2,0,1,0.0,0.0,5.0,1.0
SIX_V_TWO_LOG,Game 91,8,2,0,3,0.0,2.0,16.0,0.0
SIX_V_TWO_LOG,Game 92,8,2,0,0,0.0,0.0,17.0,1.0
SIX_V_TWO_LOG,Game 93,8,2,0,1,0.0,0.0,6.0,0.0
SIX_V_TWO_LOG,Game 94,8,2,1,3,0.0,0.0,8.0,0.0
SIX_V_TWO_LOG,Game 95,8,2,0,0,0.0,1.0,9.0,0.0
SIX_V_TWO_LOG,Game 96,8,2,0,1,0.0,0.0,6.0,1.0
SIX_V_TWO_LOG,Game 97,8,2,1,3,0.0,0.0,9.0,1.0
SIX_V_TWO_LOG,Game 98,8,2,0,2,0.0,2.0,8.0,0.0
SIX_V_TWO_LOG,Game 99,8,2,0,2,0.0,0.0,11.0,0.0
SIX_V_TWO_LOG,Game 100,8,2,0,2,0.0,0.0,9.0,0.0
